,recency_days,frequency_sessions,monetary_usd,view_item_count,add_to_cart_count,checkout_count,cart_to_view_ratio,total_engagement_time_sec,total_pageviews
recency_days,1.0,-0.8892145764218826,-0.5644224132470169,-0.7194272451571964,-0.8558929569949966,-0.9316448819309634,-0.6649524211553313,-0.8887668375107736,-0.8638679426802446
frequency_sessions,-0.8892145764218826,1.0,0.5586088721743477,0.8634148603070136,0.919741927384873,0.9605620086683319,0.6670545371817679,0.9413349283874245,0.9433480023997213
monetary_usd,-0.5644224132470169,0.5586088721743477,1.0,0.5505759002054244,0.2993053580513374,0.6449055076451455,-0.13387248572984628,0.5619104768432971,0.5023818501531754
view_item_count,-0.7194272451571964,0.8634148603070136,0.5505759002054244,1.0,0.8020684606104407,0.870320836118484,0.492196679382817,0.9118126980159776,0.9511226921692572
add_to_cart_count,-0.8558929569949966,0.919741927384873,0.2993053580513374,0.8020684606104407,1.0,0.9090915812080144,0.8680705017110558,0.9272075662146197,0.9354856240444698
checkout_count,-0.9316448819309634,0.9605620086683319,0.6449055076451455,0.870320836118484,0.9090915812080144,1.0,0.6178413292686123,0.9605594925799199,0.9548278687550747
cart_to_view_ratio,-0.6649524211553313,0.6670545371817679,-0.13387248572984628,0.492196679382817,0.8680705017110558,0.6178413292686123,1.0,0.6881390756780751,0.6936574285984541
total_engagement_time_sec,-0.8887668375107736,0.9413349283874245,0.5619104768432971,0.9118126980159776,0.9272075662146197,0.9605594925799199,0.6881390756780751,1.0,0.9846998338197418
total_pageviews,-0.8638679426802446,0.9433480023997213,0.5023818501531754,0.9511226921692572,0.9354856240444698,0.9548278687550747,0.6936574285984541,0.9846998338197418,1.0
