transaction_id,item_name,event_timestamp,user_pseudo_id,item_id,price_in_usd
fixture-tx-0,A,1,fixture-user-0,A,10.0
fixture-tx-0,B,1,fixture-user-0,B,10.0
fixture-tx-1,A,2,fixture-user-1,A,10.0
fixture-tx-1,B,2,fixture-user-1,B,10.0
fixture-tx-2,A,3,fixture-user-2,A,10.0
fixture-tx-2,B,3,fixture-user-2,B,10.0
fixture-tx-3,A,4,fixture-user-3,A,10.0
fixture-tx-3,B,4,fixture-user-3,B,10.0
fixture-tx-4,A,5,fixture-user-4,A,10.0
fixture-tx-4,B,5,fixture-user-4,B,10.0
fixture-tx-5,A,6,fixture-user-5,A,10.0
fixture-tx-5,B,6,fixture-user-5,B,10.0
fixture-tx-6,A,7,fixture-user-6,A,10.0
fixture-tx-6,B,7,fixture-user-6,B,10.0
fixture-tx-7,A,8,fixture-user-7,A,10.0
fixture-tx-7,B,8,fixture-user-7,B,10.0
fixture-tx-8,A,9,fixture-user-8,A,10.0
fixture-tx-8,B,9,fixture-user-8,B,10.0
fixture-tx-9,A,10,fixture-user-9,A,10.0
fixture-tx-9,B,10,fixture-user-9,B,10.0
fixture-tx-10,A,11,fixture-user-10,A,10.0
fixture-tx-10,B,11,fixture-user-10,B,10.0
fixture-tx-11,A,12,fixture-user-11,A,10.0
fixture-tx-11,B,12,fixture-user-11,B,10.0
fixture-tx-12,A,13,fixture-user-12,A,10.0
fixture-tx-12,B,13,fixture-user-12,B,10.0
fixture-tx-13,A,14,fixture-user-13,A,10.0
fixture-tx-13,B,14,fixture-user-13,B,10.0
fixture-tx-14,A,15,fixture-user-14,A,10.0
fixture-tx-14,B,15,fixture-user-14,B,10.0
fixture-tx-15,A,16,fixture-user-15,A,10.0
fixture-tx-15,B,16,fixture-user-15,B,10.0
fixture-tx-16,A,17,fixture-user-16,A,10.0
fixture-tx-16,B,17,fixture-user-16,B,10.0
fixture-tx-17,A,18,fixture-user-17,A,10.0
fixture-tx-17,B,18,fixture-user-17,B,10.0
fixture-tx-18,A,19,fixture-user-18,A,10.0
fixture-tx-18,B,19,fixture-user-18,B,10.0
fixture-tx-19,A,20,fixture-user-19,A,10.0
fixture-tx-19,B,20,fixture-user-19,B,10.0
fixture-tx-20,A,21,fixture-user-20,A,10.0
fixture-tx-20,B,21,fixture-user-20,B,10.0
fixture-tx-21,A,22,fixture-user-21,A,10.0
fixture-tx-21,B,22,fixture-user-21,B,10.0
fixture-tx-22,A,23,fixture-user-22,A,10.0
fixture-tx-22,B,23,fixture-user-22,B,10.0
fixture-tx-23,A,24,fixture-user-23,A,10.0
fixture-tx-23,B,24,fixture-user-23,B,10.0
fixture-tx-24,A,25,fixture-user-24,A,10.0
fixture-tx-24,B,25,fixture-user-24,B,10.0
fixture-tx-25,A,26,fixture-user-25,A,10.0
fixture-tx-25,B,26,fixture-user-25,B,10.0
fixture-tx-26,A,27,fixture-user-26,A,10.0
fixture-tx-26,B,27,fixture-user-26,B,10.0
fixture-tx-27,A,28,fixture-user-27,A,10.0
fixture-tx-27,B,28,fixture-user-27,B,10.0
fixture-tx-28,A,29,fixture-user-28,A,10.0
fixture-tx-28,B,29,fixture-user-28,B,10.0
fixture-tx-29,A,30,fixture-user-29,A,10.0
fixture-tx-29,B,30,fixture-user-29,B,10.0
fixture-tx-30,A,31,fixture-user-30,A,10.0
fixture-tx-30,B,31,fixture-user-30,B,10.0
fixture-tx-31,A,32,fixture-user-31,A,10.0
fixture-tx-31,B,32,fixture-user-31,B,10.0
fixture-tx-32,A,33,fixture-user-32,A,10.0
fixture-tx-32,B,33,fixture-user-32,B,10.0
fixture-tx-33,A,34,fixture-user-33,A,10.0
fixture-tx-33,B,34,fixture-user-33,B,10.0
fixture-tx-34,A,35,fixture-user-34,A,10.0
fixture-tx-34,B,35,fixture-user-34,B,10.0
fixture-tx-35,A,36,fixture-user-35,A,10.0
fixture-tx-35,B,36,fixture-user-35,B,10.0
fixture-tx-36,A,37,fixture-user-36,A,10.0
fixture-tx-36,B,37,fixture-user-36,B,10.0
fixture-tx-37,A,38,fixture-user-37,A,10.0
fixture-tx-37,B,38,fixture-user-37,B,10.0
fixture-tx-38,A,39,fixture-user-38,A,10.0
fixture-tx-38,B,39,fixture-user-38,B,10.0
fixture-tx-39,A,40,fixture-user-39,A,10.0
fixture-tx-39,B,40,fixture-user-39,B,10.0
fixture-tx-40,A,41,fixture-user-40,A,10.0
fixture-tx-40,B,41,fixture-user-40,B,10.0
fixture-tx-41,A,42,fixture-user-41,A,10.0
fixture-tx-41,B,42,fixture-user-41,B,10.0
fixture-tx-42,A,43,fixture-user-42,A,10.0
fixture-tx-42,B,43,fixture-user-42,B,10.0
fixture-tx-43,A,44,fixture-user-43,A,10.0
fixture-tx-43,B,44,fixture-user-43,B,10.0
fixture-tx-44,A,45,fixture-user-44,A,10.0
fixture-tx-44,B,45,fixture-user-44,B,10.0
fixture-tx-45,A,46,fixture-user-45,A,10.0
fixture-tx-45,B,46,fixture-user-45,B,10.0
fixture-tx-46,A,47,fixture-user-46,A,10.0
fixture-tx-46,B,47,fixture-user-46,B,10.0
fixture-tx-47,A,48,fixture-user-47,A,10.0
fixture-tx-47,B,48,fixture-user-47,B,10.0
fixture-tx-48,A,49,fixture-user-48,A,10.0
fixture-tx-48,B,49,fixture-user-48,B,10.0
fixture-tx-49,A,50,fixture-user-49,A,10.0
fixture-tx-49,B,50,fixture-user-49,B,10.0
fixture-tx-50,A,51,fixture-user-50,A,10.0
fixture-tx-50,B,51,fixture-user-50,B,10.0
fixture-tx-51,A,52,fixture-user-51,A,10.0
fixture-tx-51,B,52,fixture-user-51,B,10.0
fixture-tx-52,A,53,fixture-user-52,A,10.0
fixture-tx-52,B,53,fixture-user-52,B,10.0
fixture-tx-53,A,54,fixture-user-53,A,10.0
fixture-tx-53,B,54,fixture-user-53,B,10.0
fixture-tx-54,A,55,fixture-user-54,A,10.0
fixture-tx-54,B,55,fixture-user-54,B,10.0
fixture-tx-55,A,56,fixture-user-55,A,10.0
fixture-tx-55,B,56,fixture-user-55,B,10.0
fixture-tx-56,A,57,fixture-user-56,A,10.0
fixture-tx-56,B,57,fixture-user-56,B,10.0
fixture-tx-57,A,58,fixture-user-57,A,10.0
fixture-tx-57,B,58,fixture-user-57,B,10.0
fixture-tx-58,A,59,fixture-user-58,A,10.0
fixture-tx-58,B,59,fixture-user-58,B,10.0
fixture-tx-59,A,60,fixture-user-59,A,10.0
fixture-tx-59,B,60,fixture-user-59,B,10.0
fixture-tx-60,A,61,fixture-user-60,A,10.0
fixture-tx-60,B,61,fixture-user-60,B,10.0
fixture-tx-61,A,62,fixture-user-61,A,10.0
fixture-tx-61,B,62,fixture-user-61,B,10.0
fixture-tx-62,A,63,fixture-user-62,A,10.0
fixture-tx-62,B,63,fixture-user-62,B,10.0
fixture-tx-63,A,64,fixture-user-63,A,10.0
fixture-tx-63,B,64,fixture-user-63,B,10.0
fixture-tx-64,A,65,fixture-user-64,A,10.0
fixture-tx-64,B,65,fixture-user-64,B,10.0
fixture-tx-65,A,66,fixture-user-65,A,10.0
fixture-tx-65,B,66,fixture-user-65,B,10.0
fixture-tx-66,A,67,fixture-user-66,A,10.0
fixture-tx-66,B,67,fixture-user-66,B,10.0
fixture-tx-67,A,68,fixture-user-67,A,10.0
fixture-tx-67,B,68,fixture-user-67,B,10.0
fixture-tx-68,A,69,fixture-user-68,A,10.0
fixture-tx-68,B,69,fixture-user-68,B,10.0
fixture-tx-69,A,70,fixture-user-69,A,10.0
fixture-tx-69,B,70,fixture-user-69,B,10.0
fixture-tx-70,A,71,fixture-user-70,A,10.0
fixture-tx-70,B,71,fixture-user-70,B,10.0
fixture-tx-71,A,72,fixture-user-71,A,10.0
fixture-tx-71,B,72,fixture-user-71,B,10.0
fixture-tx-72,A,73,fixture-user-72,A,10.0
fixture-tx-72,B,73,fixture-user-72,B,10.0
fixture-tx-73,A,74,fixture-user-73,A,10.0
fixture-tx-73,B,74,fixture-user-73,B,10.0
fixture-tx-74,A,75,fixture-user-74,A,10.0
fixture-tx-74,B,75,fixture-user-74,B,10.0
fixture-tx-75,A,76,fixture-user-75,A,10.0
fixture-tx-75,B,76,fixture-user-75,B,10.0
fixture-tx-76,A,77,fixture-user-76,A,10.0
fixture-tx-76,B,77,fixture-user-76,B,10.0
fixture-tx-77,A,78,fixture-user-77,A,10.0
fixture-tx-77,B,78,fixture-user-77,B,10.0
fixture-tx-78,A,79,fixture-user-78,A,10.0
fixture-tx-78,B,79,fixture-user-78,B,10.0
fixture-tx-79,A,80,fixture-user-79,A,10.0
fixture-tx-79,B,80,fixture-user-79,B,10.0
fixture-tx-80,A,81,fixture-user-80,A,10.0
fixture-tx-80,B,81,fixture-user-80,B,10.0
fixture-tx-81,A,82,fixture-user-81,A,10.0
fixture-tx-81,B,82,fixture-user-81,B,10.0
fixture-tx-82,A,83,fixture-user-82,A,10.0
fixture-tx-82,B,83,fixture-user-82,B,10.0
fixture-tx-83,A,84,fixture-user-83,A,10.0
fixture-tx-83,B,84,fixture-user-83,B,10.0
fixture-tx-84,A,85,fixture-user-84,A,10.0
fixture-tx-84,B,85,fixture-user-84,B,10.0
fixture-tx-85,A,86,fixture-user-85,A,10.0
fixture-tx-85,B,86,fixture-user-85,B,10.0
fixture-tx-86,A,87,fixture-user-86,A,10.0
fixture-tx-86,B,87,fixture-user-86,B,10.0
fixture-tx-87,A,88,fixture-user-87,A,10.0
fixture-tx-87,B,88,fixture-user-87,B,10.0
fixture-tx-88,A,89,fixture-user-88,A,10.0
fixture-tx-88,B,89,fixture-user-88,B,10.0
fixture-tx-89,A,90,fixture-user-89,A,10.0
fixture-tx-89,B,90,fixture-user-89,B,10.0
fixture-tx-90,A,91,fixture-user-90,A,10.0
fixture-tx-90,B,91,fixture-user-90,B,10.0
fixture-tx-91,A,92,fixture-user-91,A,10.0
fixture-tx-91,B,92,fixture-user-91,B,10.0
fixture-tx-92,A,93,fixture-user-92,A,10.0
fixture-tx-92,B,93,fixture-user-92,B,10.0
fixture-tx-93,A,94,fixture-user-93,A,10.0
fixture-tx-93,B,94,fixture-user-93,B,10.0
fixture-tx-94,A,95,fixture-user-94,A,10.0
fixture-tx-94,B,95,fixture-user-94,B,10.0
fixture-tx-95,A,96,fixture-user-95,A,10.0
fixture-tx-95,B,96,fixture-user-95,B,10.0
fixture-tx-96,A,97,fixture-user-96,A,10.0
fixture-tx-96,B,97,fixture-user-96,B,10.0
fixture-tx-97,A,98,fixture-user-97,A,10.0
fixture-tx-97,B,98,fixture-user-97,B,10.0
fixture-tx-98,A,99,fixture-user-98,A,10.0
fixture-tx-98,B,99,fixture-user-98,B,10.0
fixture-tx-99,A,100,fixture-user-99,A,10.0
fixture-tx-99,B,100,fixture-user-99,B,10.0
fixture-tx-100,A,101,fixture-user-100,A,10.0
fixture-tx-100,B,101,fixture-user-100,B,10.0
fixture-tx-101,A,102,fixture-user-101,A,10.0
fixture-tx-101,B,102,fixture-user-101,B,10.0
fixture-tx-102,A,103,fixture-user-102,A,10.0
fixture-tx-102,B,103,fixture-user-102,B,10.0
fixture-tx-103,A,104,fixture-user-103,A,10.0
fixture-tx-103,B,104,fixture-user-103,B,10.0
fixture-tx-104,A,105,fixture-user-104,A,10.0
fixture-tx-104,B,105,fixture-user-104,B,10.0
fixture-tx-105,A,106,fixture-user-105,A,10.0
fixture-tx-105,B,106,fixture-user-105,B,10.0
fixture-tx-106,A,107,fixture-user-106,A,10.0
fixture-tx-106,B,107,fixture-user-106,B,10.0
fixture-tx-107,A,108,fixture-user-107,A,10.0
fixture-tx-107,B,108,fixture-user-107,B,10.0
fixture-tx-108,A,109,fixture-user-108,A,10.0
fixture-tx-108,B,109,fixture-user-108,B,10.0
fixture-tx-109,A,110,fixture-user-109,A,10.0
fixture-tx-109,B,110,fixture-user-109,B,10.0
fixture-tx-110,A,111,fixture-user-110,A,10.0
fixture-tx-110,B,111,fixture-user-110,B,10.0
fixture-tx-111,A,112,fixture-user-111,A,10.0
fixture-tx-111,B,112,fixture-user-111,B,10.0
fixture-tx-112,A,113,fixture-user-112,A,10.0
fixture-tx-112,B,113,fixture-user-112,B,10.0
fixture-tx-113,A,114,fixture-user-113,A,10.0
fixture-tx-113,B,114,fixture-user-113,B,10.0
fixture-tx-114,A,115,fixture-user-114,A,10.0
fixture-tx-114,B,115,fixture-user-114,B,10.0
fixture-tx-115,A,116,fixture-user-115,A,10.0
fixture-tx-115,B,116,fixture-user-115,B,10.0
fixture-tx-116,A,117,fixture-user-116,A,10.0
fixture-tx-116,B,117,fixture-user-116,B,10.0
fixture-tx-117,A,118,fixture-user-117,A,10.0
fixture-tx-117,B,118,fixture-user-117,B,10.0
fixture-tx-118,A,119,fixture-user-118,A,10.0
fixture-tx-118,B,119,fixture-user-118,B,10.0
fixture-tx-119,A,120,fixture-user-119,A,10.0
fixture-tx-119,B,120,fixture-user-119,B,10.0
fixture-tx-120,A,121,fixture-user-120,A,10.0
fixture-tx-120,B,121,fixture-user-120,B,10.0
fixture-tx-121,A,122,fixture-user-121,A,10.0
fixture-tx-121,B,122,fixture-user-121,B,10.0
fixture-tx-122,A,123,fixture-user-122,A,10.0
fixture-tx-122,B,123,fixture-user-122,B,10.0
fixture-tx-123,A,124,fixture-user-123,A,10.0
fixture-tx-123,B,124,fixture-user-123,B,10.0
fixture-tx-124,A,125,fixture-user-124,A,10.0
fixture-tx-124,B,125,fixture-user-124,B,10.0
fixture-tx-125,A,126,fixture-user-125,A,10.0
fixture-tx-125,B,126,fixture-user-125,B,10.0
fixture-tx-126,A,127,fixture-user-126,A,10.0
fixture-tx-126,B,127,fixture-user-126,B,10.0
fixture-tx-127,A,128,fixture-user-127,A,10.0
fixture-tx-127,B,128,fixture-user-127,B,10.0
fixture-tx-128,A,129,fixture-user-128,A,10.0
fixture-tx-128,B,129,fixture-user-128,B,10.0
fixture-tx-129,A,130,fixture-user-129,A,10.0
fixture-tx-129,B,130,fixture-user-129,B,10.0
fixture-tx-130,A,131,fixture-user-130,A,10.0
fixture-tx-130,B,131,fixture-user-130,B,10.0
fixture-tx-131,A,132,fixture-user-131,A,10.0
fixture-tx-131,B,132,fixture-user-131,B,10.0
fixture-tx-132,A,133,fixture-user-132,A,10.0
fixture-tx-132,B,133,fixture-user-132,B,10.0
fixture-tx-133,A,134,fixture-user-133,A,10.0
fixture-tx-133,B,134,fixture-user-133,B,10.0
fixture-tx-134,A,135,fixture-user-134,A,10.0
fixture-tx-134,B,135,fixture-user-134,B,10.0
fixture-tx-135,A,136,fixture-user-135,A,10.0
fixture-tx-135,B,136,fixture-user-135,B,10.0
fixture-tx-136,A,137,fixture-user-136,A,10.0
fixture-tx-136,B,137,fixture-user-136,B,10.0
fixture-tx-137,A,138,fixture-user-137,A,10.0
fixture-tx-137,B,138,fixture-user-137,B,10.0
fixture-tx-138,A,139,fixture-user-138,A,10.0
fixture-tx-138,B,139,fixture-user-138,B,10.0
fixture-tx-139,A,140,fixture-user-139,A,10.0
fixture-tx-139,B,140,fixture-user-139,B,10.0
fixture-tx-140,A,141,fixture-user-140,A,10.0
fixture-tx-140,B,141,fixture-user-140,B,10.0
fixture-tx-141,A,142,fixture-user-141,A,10.0
fixture-tx-141,B,142,fixture-user-141,B,10.0
fixture-tx-142,A,143,fixture-user-142,A,10.0
fixture-tx-142,B,143,fixture-user-142,B,10.0
fixture-tx-143,A,144,fixture-user-143,A,10.0
fixture-tx-143,B,144,fixture-user-143,B,10.0
fixture-tx-144,A,145,fixture-user-144,A,10.0
fixture-tx-144,B,145,fixture-user-144,B,10.0
fixture-tx-145,A,146,fixture-user-145,A,10.0
fixture-tx-145,B,146,fixture-user-145,B,10.0
fixture-tx-146,A,147,fixture-user-146,A,10.0
fixture-tx-146,B,147,fixture-user-146,B,10.0
fixture-tx-147,A,148,fixture-user-147,A,10.0
fixture-tx-147,B,148,fixture-user-147,B,10.0
fixture-tx-148,A,149,fixture-user-148,A,10.0
fixture-tx-148,B,149,fixture-user-148,B,10.0
fixture-tx-149,A,150,fixture-user-149,A,10.0
fixture-tx-149,B,150,fixture-user-149,B,10.0
fixture-tx-150,A,151,fixture-user-150,A,10.0
fixture-tx-150,B,151,fixture-user-150,B,10.0
fixture-tx-151,A,152,fixture-user-151,A,10.0
fixture-tx-151,B,152,fixture-user-151,B,10.0
fixture-tx-152,A,153,fixture-user-152,A,10.0
fixture-tx-152,B,153,fixture-user-152,B,10.0
fixture-tx-153,A,154,fixture-user-153,A,10.0
fixture-tx-153,B,154,fixture-user-153,B,10.0
fixture-tx-154,A,155,fixture-user-154,A,10.0
fixture-tx-154,B,155,fixture-user-154,B,10.0
fixture-tx-155,A,156,fixture-user-155,A,10.0
fixture-tx-155,B,156,fixture-user-155,B,10.0
fixture-tx-156,A,157,fixture-user-156,A,10.0
fixture-tx-156,B,157,fixture-user-156,B,10.0
fixture-tx-157,A,158,fixture-user-157,A,10.0
fixture-tx-157,B,158,fixture-user-157,B,10.0
fixture-tx-158,A,159,fixture-user-158,A,10.0
fixture-tx-158,B,159,fixture-user-158,B,10.0
fixture-tx-159,A,160,fixture-user-159,A,10.0
fixture-tx-159,B,160,fixture-user-159,B,10.0
fixture-tx-160,A,161,fixture-user-160,A,10.0
fixture-tx-160,B,161,fixture-user-160,B,10.0
fixture-tx-161,A,162,fixture-user-161,A,10.0
fixture-tx-161,B,162,fixture-user-161,B,10.0
fixture-tx-162,A,163,fixture-user-162,A,10.0
fixture-tx-162,B,163,fixture-user-162,B,10.0
fixture-tx-163,A,164,fixture-user-163,A,10.0
fixture-tx-163,B,164,fixture-user-163,B,10.0
fixture-tx-164,A,165,fixture-user-164,A,10.0
fixture-tx-164,B,165,fixture-user-164,B,10.0
fixture-tx-165,A,166,fixture-user-165,A,10.0
fixture-tx-165,B,166,fixture-user-165,B,10.0
fixture-tx-166,A,167,fixture-user-166,A,10.0
fixture-tx-166,B,167,fixture-user-166,B,10.0
fixture-tx-167,A,168,fixture-user-167,A,10.0
fixture-tx-167,B,168,fixture-user-167,B,10.0
fixture-tx-168,A,169,fixture-user-168,A,10.0
fixture-tx-168,B,169,fixture-user-168,B,10.0
fixture-tx-169,A,170,fixture-user-169,A,10.0
fixture-tx-169,B,170,fixture-user-169,B,10.0
fixture-tx-170,A,171,fixture-user-170,A,10.0
fixture-tx-170,B,171,fixture-user-170,B,10.0
fixture-tx-171,A,172,fixture-user-171,A,10.0
fixture-tx-171,B,172,fixture-user-171,B,10.0
fixture-tx-172,A,173,fixture-user-172,A,10.0
fixture-tx-172,B,173,fixture-user-172,B,10.0
fixture-tx-173,A,174,fixture-user-173,A,10.0
fixture-tx-173,B,174,fixture-user-173,B,10.0
fixture-tx-174,A,175,fixture-user-174,A,10.0
fixture-tx-174,B,175,fixture-user-174,B,10.0
fixture-tx-175,A,176,fixture-user-175,A,10.0
fixture-tx-175,B,176,fixture-user-175,B,10.0
fixture-tx-176,A,177,fixture-user-176,A,10.0
fixture-tx-176,B,177,fixture-user-176,B,10.0
fixture-tx-177,A,178,fixture-user-177,A,10.0
fixture-tx-177,B,178,fixture-user-177,B,10.0
fixture-tx-178,A,179,fixture-user-178,A,10.0
fixture-tx-178,B,179,fixture-user-178,B,10.0
fixture-tx-179,A,180,fixture-user-179,A,10.0
fixture-tx-179,B,180,fixture-user-179,B,10.0
fixture-tx-180,A,181,fixture-user-180,A,10.0
fixture-tx-180,B,181,fixture-user-180,B,10.0
fixture-tx-181,A,182,fixture-user-181,A,10.0
fixture-tx-181,B,182,fixture-user-181,B,10.0
fixture-tx-182,A,183,fixture-user-182,A,10.0
fixture-tx-182,B,183,fixture-user-182,B,10.0
fixture-tx-183,A,184,fixture-user-183,A,10.0
fixture-tx-183,B,184,fixture-user-183,B,10.0
fixture-tx-184,A,185,fixture-user-184,A,10.0
fixture-tx-184,B,185,fixture-user-184,B,10.0
fixture-tx-185,A,186,fixture-user-185,A,10.0
fixture-tx-185,B,186,fixture-user-185,B,10.0
fixture-tx-186,A,187,fixture-user-186,A,10.0
fixture-tx-186,B,187,fixture-user-186,B,10.0
fixture-tx-187,A,188,fixture-user-187,A,10.0
fixture-tx-187,B,188,fixture-user-187,B,10.0
fixture-tx-188,A,189,fixture-user-188,A,10.0
fixture-tx-188,B,189,fixture-user-188,B,10.0
fixture-tx-189,A,190,fixture-user-189,A,10.0
fixture-tx-189,B,190,fixture-user-189,B,10.0
fixture-tx-190,A,191,fixture-user-190,A,10.0
fixture-tx-190,B,191,fixture-user-190,B,10.0
fixture-tx-191,A,192,fixture-user-191,A,10.0
fixture-tx-191,B,192,fixture-user-191,B,10.0
fixture-tx-192,A,193,fixture-user-192,A,10.0
fixture-tx-192,B,193,fixture-user-192,B,10.0
fixture-tx-193,A,194,fixture-user-193,A,10.0
fixture-tx-193,B,194,fixture-user-193,B,10.0
fixture-tx-194,A,195,fixture-user-194,A,10.0
fixture-tx-194,B,195,fixture-user-194,B,10.0
fixture-tx-195,A,196,fixture-user-195,A,10.0
fixture-tx-195,B,196,fixture-user-195,B,10.0
fixture-tx-196,A,197,fixture-user-196,A,10.0
fixture-tx-196,B,197,fixture-user-196,B,10.0
fixture-tx-197,A,198,fixture-user-197,A,10.0
fixture-tx-197,B,198,fixture-user-197,B,10.0
fixture-tx-198,A,199,fixture-user-198,A,10.0
fixture-tx-198,B,199,fixture-user-198,B,10.0
fixture-tx-199,A,200,fixture-user-199,A,10.0
fixture-tx-199,B,200,fixture-user-199,B,10.0
fixture-tx-200,A,201,fixture-user-200,A,10.0
fixture-tx-200,B,201,fixture-user-200,B,10.0
fixture-tx-201,A,202,fixture-user-201,A,10.0
fixture-tx-201,B,202,fixture-user-201,B,10.0
fixture-tx-202,A,203,fixture-user-202,A,10.0
fixture-tx-202,B,203,fixture-user-202,B,10.0
fixture-tx-203,A,204,fixture-user-203,A,10.0
fixture-tx-203,B,204,fixture-user-203,B,10.0
fixture-tx-204,A,205,fixture-user-204,A,10.0
fixture-tx-204,B,205,fixture-user-204,B,10.0
fixture-tx-205,A,206,fixture-user-205,A,10.0
fixture-tx-205,B,206,fixture-user-205,B,10.0
fixture-tx-206,A,207,fixture-user-206,A,10.0
fixture-tx-206,B,207,fixture-user-206,B,10.0
fixture-tx-207,A,208,fixture-user-207,A,10.0
fixture-tx-207,B,208,fixture-user-207,B,10.0
fixture-tx-208,A,209,fixture-user-208,A,10.0
fixture-tx-208,B,209,fixture-user-208,B,10.0
fixture-tx-209,A,210,fixture-user-209,A,10.0
fixture-tx-209,B,210,fixture-user-209,B,10.0
fixture-tx-210,A,211,fixture-user-210,A,10.0
fixture-tx-210,B,211,fixture-user-210,B,10.0
fixture-tx-211,A,212,fixture-user-211,A,10.0
fixture-tx-211,B,212,fixture-user-211,B,10.0
fixture-tx-212,A,213,fixture-user-212,A,10.0
fixture-tx-212,B,213,fixture-user-212,B,10.0
fixture-tx-213,A,214,fixture-user-213,A,10.0
fixture-tx-213,B,214,fixture-user-213,B,10.0
fixture-tx-214,A,215,fixture-user-214,A,10.0
fixture-tx-214,B,215,fixture-user-214,B,10.0
fixture-tx-215,A,216,fixture-user-215,A,10.0
fixture-tx-215,B,216,fixture-user-215,B,10.0
fixture-tx-216,A,217,fixture-user-216,A,10.0
fixture-tx-216,B,217,fixture-user-216,B,10.0
fixture-tx-217,A,218,fixture-user-217,A,10.0
fixture-tx-217,B,218,fixture-user-217,B,10.0
fixture-tx-218,A,219,fixture-user-218,A,10.0
fixture-tx-218,B,219,fixture-user-218,B,10.0
fixture-tx-219,A,220,fixture-user-219,A,10.0
fixture-tx-219,B,220,fixture-user-219,B,10.0
fixture-tx-220,A,221,fixture-user-220,A,10.0
fixture-tx-220,B,221,fixture-user-220,B,10.0
fixture-tx-221,A,222,fixture-user-221,A,10.0
fixture-tx-221,B,222,fixture-user-221,B,10.0
fixture-tx-222,A,223,fixture-user-222,A,10.0
fixture-tx-222,B,223,fixture-user-222,B,10.0
fixture-tx-223,A,224,fixture-user-223,A,10.0
fixture-tx-223,B,224,fixture-user-223,B,10.0
fixture-tx-224,A,225,fixture-user-224,A,10.0
fixture-tx-224,B,225,fixture-user-224,B,10.0
fixture-tx-225,A,226,fixture-user-225,A,10.0
fixture-tx-225,B,226,fixture-user-225,B,10.0
fixture-tx-226,A,227,fixture-user-226,A,10.0
fixture-tx-226,B,227,fixture-user-226,B,10.0
fixture-tx-227,A,228,fixture-user-227,A,10.0
fixture-tx-227,B,228,fixture-user-227,B,10.0
fixture-tx-228,A,229,fixture-user-228,A,10.0
fixture-tx-228,B,229,fixture-user-228,B,10.0
fixture-tx-229,A,230,fixture-user-229,A,10.0
fixture-tx-229,B,230,fixture-user-229,B,10.0
fixture-tx-230,A,231,fixture-user-230,A,10.0
fixture-tx-230,B,231,fixture-user-230,B,10.0
fixture-tx-231,A,232,fixture-user-231,A,10.0
fixture-tx-231,B,232,fixture-user-231,B,10.0
fixture-tx-232,A,233,fixture-user-232,A,10.0
fixture-tx-232,B,233,fixture-user-232,B,10.0
fixture-tx-233,A,234,fixture-user-233,A,10.0
fixture-tx-233,B,234,fixture-user-233,B,10.0
fixture-tx-234,A,235,fixture-user-234,A,10.0
fixture-tx-234,B,235,fixture-user-234,B,10.0
fixture-tx-235,A,236,fixture-user-235,A,10.0
fixture-tx-235,B,236,fixture-user-235,B,10.0
fixture-tx-236,A,237,fixture-user-236,A,10.0
fixture-tx-236,B,237,fixture-user-236,B,10.0
fixture-tx-237,A,238,fixture-user-237,A,10.0
fixture-tx-237,B,238,fixture-user-237,B,10.0
fixture-tx-238,A,239,fixture-user-238,A,10.0
fixture-tx-238,B,239,fixture-user-238,B,10.0
fixture-tx-239,A,240,fixture-user-239,A,10.0
fixture-tx-239,B,240,fixture-user-239,B,10.0
fixture-tx-240,A,241,fixture-user-240,A,10.0
fixture-tx-240,B,241,fixture-user-240,B,10.0
fixture-tx-241,A,242,fixture-user-241,A,10.0
fixture-tx-241,B,242,fixture-user-241,B,10.0
fixture-tx-242,A,243,fixture-user-242,A,10.0
fixture-tx-242,B,243,fixture-user-242,B,10.0
fixture-tx-243,A,244,fixture-user-243,A,10.0
fixture-tx-243,B,244,fixture-user-243,B,10.0
fixture-tx-244,A,245,fixture-user-244,A,10.0
fixture-tx-244,B,245,fixture-user-244,B,10.0
fixture-tx-245,A,246,fixture-user-245,A,10.0
fixture-tx-245,B,246,fixture-user-245,B,10.0
fixture-tx-246,A,247,fixture-user-246,A,10.0
fixture-tx-246,B,247,fixture-user-246,B,10.0
fixture-tx-247,A,248,fixture-user-247,A,10.0
fixture-tx-247,B,248,fixture-user-247,B,10.0
fixture-tx-248,A,249,fixture-user-248,A,10.0
fixture-tx-248,B,249,fixture-user-248,B,10.0
fixture-tx-249,A,250,fixture-user-249,A,10.0
fixture-tx-249,B,250,fixture-user-249,B,10.0
fixture-tx-250,A,251,fixture-user-250,A,10.0
fixture-tx-250,B,251,fixture-user-250,B,10.0
fixture-tx-251,A,252,fixture-user-251,A,10.0
fixture-tx-251,B,252,fixture-user-251,B,10.0
fixture-tx-252,A,253,fixture-user-252,A,10.0
fixture-tx-252,B,253,fixture-user-252,B,10.0
fixture-tx-253,A,254,fixture-user-253,A,10.0
fixture-tx-253,B,254,fixture-user-253,B,10.0
fixture-tx-254,A,255,fixture-user-254,A,10.0
fixture-tx-254,B,255,fixture-user-254,B,10.0
fixture-tx-255,A,256,fixture-user-255,A,10.0
fixture-tx-255,B,256,fixture-user-255,B,10.0
fixture-tx-256,A,257,fixture-user-256,A,10.0
fixture-tx-256,B,257,fixture-user-256,B,10.0
fixture-tx-257,A,258,fixture-user-257,A,10.0
fixture-tx-257,B,258,fixture-user-257,B,10.0
fixture-tx-258,A,259,fixture-user-258,A,10.0
fixture-tx-258,B,259,fixture-user-258,B,10.0
fixture-tx-259,A,260,fixture-user-259,A,10.0
fixture-tx-259,B,260,fixture-user-259,B,10.0
fixture-tx-260,A,261,fixture-user-260,A,10.0
fixture-tx-260,B,261,fixture-user-260,B,10.0
fixture-tx-261,A,262,fixture-user-261,A,10.0
fixture-tx-261,B,262,fixture-user-261,B,10.0
fixture-tx-262,A,263,fixture-user-262,A,10.0
fixture-tx-262,B,263,fixture-user-262,B,10.0
fixture-tx-263,A,264,fixture-user-263,A,10.0
fixture-tx-263,B,264,fixture-user-263,B,10.0
fixture-tx-264,A,265,fixture-user-264,A,10.0
fixture-tx-264,B,265,fixture-user-264,B,10.0
fixture-tx-265,A,266,fixture-user-265,A,10.0
fixture-tx-265,B,266,fixture-user-265,B,10.0
fixture-tx-266,A,267,fixture-user-266,A,10.0
fixture-tx-266,B,267,fixture-user-266,B,10.0
fixture-tx-267,A,268,fixture-user-267,A,10.0
fixture-tx-267,B,268,fixture-user-267,B,10.0
fixture-tx-268,A,269,fixture-user-268,A,10.0
fixture-tx-268,B,269,fixture-user-268,B,10.0
fixture-tx-269,A,270,fixture-user-269,A,10.0
fixture-tx-269,B,270,fixture-user-269,B,10.0
fixture-tx-270,A,271,fixture-user-270,A,10.0
fixture-tx-270,B,271,fixture-user-270,B,10.0
fixture-tx-271,A,272,fixture-user-271,A,10.0
fixture-tx-271,B,272,fixture-user-271,B,10.0
fixture-tx-272,A,273,fixture-user-272,A,10.0
fixture-tx-272,B,273,fixture-user-272,B,10.0
fixture-tx-273,A,274,fixture-user-273,A,10.0
fixture-tx-273,B,274,fixture-user-273,B,10.0
fixture-tx-274,A,275,fixture-user-274,A,10.0
fixture-tx-274,B,275,fixture-user-274,B,10.0
fixture-tx-275,A,276,fixture-user-275,A,10.0
fixture-tx-275,B,276,fixture-user-275,B,10.0
fixture-tx-276,A,277,fixture-user-276,A,10.0
fixture-tx-276,B,277,fixture-user-276,B,10.0
fixture-tx-277,A,278,fixture-user-277,A,10.0
fixture-tx-277,B,278,fixture-user-277,B,10.0
fixture-tx-278,A,279,fixture-user-278,A,10.0
fixture-tx-278,B,279,fixture-user-278,B,10.0
fixture-tx-279,A,280,fixture-user-279,A,10.0
fixture-tx-279,B,280,fixture-user-279,B,10.0
fixture-tx-280,A,281,fixture-user-280,A,10.0
fixture-tx-280,B,281,fixture-user-280,B,10.0
fixture-tx-281,A,282,fixture-user-281,A,10.0
fixture-tx-281,B,282,fixture-user-281,B,10.0
fixture-tx-282,A,283,fixture-user-282,A,10.0
fixture-tx-282,B,283,fixture-user-282,B,10.0
fixture-tx-283,A,284,fixture-user-283,A,10.0
fixture-tx-283,B,284,fixture-user-283,B,10.0
fixture-tx-284,A,285,fixture-user-284,A,10.0
fixture-tx-284,B,285,fixture-user-284,B,10.0
fixture-tx-285,A,286,fixture-user-285,A,10.0
fixture-tx-285,B,286,fixture-user-285,B,10.0
fixture-tx-286,A,287,fixture-user-286,A,10.0
fixture-tx-286,B,287,fixture-user-286,B,10.0
fixture-tx-287,A,288,fixture-user-287,A,10.0
fixture-tx-287,B,288,fixture-user-287,B,10.0
fixture-tx-288,A,289,fixture-user-288,A,10.0
fixture-tx-288,B,289,fixture-user-288,B,10.0
fixture-tx-289,A,290,fixture-user-289,A,10.0
fixture-tx-289,B,290,fixture-user-289,B,10.0
fixture-tx-290,A,291,fixture-user-290,A,10.0
fixture-tx-290,B,291,fixture-user-290,B,10.0
fixture-tx-291,A,292,fixture-user-291,A,10.0
fixture-tx-291,B,292,fixture-user-291,B,10.0
fixture-tx-292,A,293,fixture-user-292,A,10.0
fixture-tx-292,B,293,fixture-user-292,B,10.0
fixture-tx-293,A,294,fixture-user-293,A,10.0
fixture-tx-293,B,294,fixture-user-293,B,10.0
fixture-tx-294,A,295,fixture-user-294,A,10.0
fixture-tx-294,B,295,fixture-user-294,B,10.0
fixture-tx-295,A,296,fixture-user-295,A,10.0
fixture-tx-295,B,296,fixture-user-295,B,10.0
fixture-tx-296,A,297,fixture-user-296,A,10.0
fixture-tx-296,B,297,fixture-user-296,B,10.0
fixture-tx-297,A,298,fixture-user-297,A,10.0
fixture-tx-297,B,298,fixture-user-297,B,10.0
fixture-tx-298,A,299,fixture-user-298,A,10.0
fixture-tx-298,B,299,fixture-user-298,B,10.0
fixture-tx-299,A,300,fixture-user-299,A,10.0
fixture-tx-299,B,300,fixture-user-299,B,10.0
fixture-tx-300,C,301,fixture-user-300,C,10.0
fixture-tx-300,D,301,fixture-user-300,D,10.0
fixture-tx-301,C,302,fixture-user-301,C,10.0
fixture-tx-301,D,302,fixture-user-301,D,10.0
fixture-tx-302,C,303,fixture-user-302,C,10.0
fixture-tx-302,D,303,fixture-user-302,D,10.0
fixture-tx-303,C,304,fixture-user-303,C,10.0
fixture-tx-303,D,304,fixture-user-303,D,10.0
fixture-tx-304,C,305,fixture-user-304,C,10.0
fixture-tx-304,D,305,fixture-user-304,D,10.0
fixture-tx-305,C,306,fixture-user-305,C,10.0
fixture-tx-305,D,306,fixture-user-305,D,10.0
fixture-tx-306,C,307,fixture-user-306,C,10.0
fixture-tx-306,D,307,fixture-user-306,D,10.0
fixture-tx-307,C,308,fixture-user-307,C,10.0
fixture-tx-307,D,308,fixture-user-307,D,10.0
fixture-tx-308,C,309,fixture-user-308,C,10.0
fixture-tx-308,D,309,fixture-user-308,D,10.0
fixture-tx-309,C,310,fixture-user-309,C,10.0
fixture-tx-309,D,310,fixture-user-309,D,10.0
fixture-tx-310,C,311,fixture-user-310,C,10.0
fixture-tx-310,D,311,fixture-user-310,D,10.0
fixture-tx-311,C,312,fixture-user-311,C,10.0
fixture-tx-311,D,312,fixture-user-311,D,10.0
fixture-tx-312,C,313,fixture-user-312,C,10.0
fixture-tx-312,D,313,fixture-user-312,D,10.0
fixture-tx-313,C,314,fixture-user-313,C,10.0
fixture-tx-313,D,314,fixture-user-313,D,10.0
fixture-tx-314,C,315,fixture-user-314,C,10.0
fixture-tx-314,D,315,fixture-user-314,D,10.0
fixture-tx-315,C,316,fixture-user-315,C,10.0
fixture-tx-315,D,316,fixture-user-315,D,10.0
fixture-tx-316,C,317,fixture-user-316,C,10.0
fixture-tx-316,D,317,fixture-user-316,D,10.0
fixture-tx-317,C,318,fixture-user-317,C,10.0
fixture-tx-317,D,318,fixture-user-317,D,10.0
fixture-tx-318,C,319,fixture-user-318,C,10.0
fixture-tx-318,D,319,fixture-user-318,D,10.0
fixture-tx-319,C,320,fixture-user-319,C,10.0
fixture-tx-319,D,320,fixture-user-319,D,10.0
fixture-tx-320,C,321,fixture-user-320,C,10.0
fixture-tx-320,D,321,fixture-user-320,D,10.0
fixture-tx-321,C,322,fixture-user-321,C,10.0
fixture-tx-321,D,322,fixture-user-321,D,10.0
fixture-tx-322,C,323,fixture-user-322,C,10.0
fixture-tx-322,D,323,fixture-user-322,D,10.0
fixture-tx-323,C,324,fixture-user-323,C,10.0
fixture-tx-323,D,324,fixture-user-323,D,10.0
fixture-tx-324,C,325,fixture-user-324,C,10.0
fixture-tx-324,D,325,fixture-user-324,D,10.0
fixture-tx-325,C,326,fixture-user-325,C,10.0
fixture-tx-325,D,326,fixture-user-325,D,10.0
fixture-tx-326,C,327,fixture-user-326,C,10.0
fixture-tx-326,D,327,fixture-user-326,D,10.0
fixture-tx-327,C,328,fixture-user-327,C,10.0
fixture-tx-327,D,328,fixture-user-327,D,10.0
fixture-tx-328,C,329,fixture-user-328,C,10.0
fixture-tx-328,D,329,fixture-user-328,D,10.0
fixture-tx-329,C,330,fixture-user-329,C,10.0
fixture-tx-329,D,330,fixture-user-329,D,10.0
fixture-tx-330,C,331,fixture-user-330,C,10.0
fixture-tx-330,D,331,fixture-user-330,D,10.0
fixture-tx-331,C,332,fixture-user-331,C,10.0
fixture-tx-331,D,332,fixture-user-331,D,10.0
fixture-tx-332,C,333,fixture-user-332,C,10.0
fixture-tx-332,D,333,fixture-user-332,D,10.0
fixture-tx-333,C,334,fixture-user-333,C,10.0
fixture-tx-333,D,334,fixture-user-333,D,10.0
fixture-tx-334,C,335,fixture-user-334,C,10.0
fixture-tx-334,D,335,fixture-user-334,D,10.0
fixture-tx-335,C,336,fixture-user-335,C,10.0
fixture-tx-335,D,336,fixture-user-335,D,10.0
fixture-tx-336,C,337,fixture-user-336,C,10.0
fixture-tx-336,D,337,fixture-user-336,D,10.0
fixture-tx-337,C,338,fixture-user-337,C,10.0
fixture-tx-337,D,338,fixture-user-337,D,10.0
fixture-tx-338,C,339,fixture-user-338,C,10.0
fixture-tx-338,D,339,fixture-user-338,D,10.0
fixture-tx-339,C,340,fixture-user-339,C,10.0
fixture-tx-339,D,340,fixture-user-339,D,10.0
fixture-tx-340,C,341,fixture-user-340,C,10.0
fixture-tx-340,D,341,fixture-user-340,D,10.0
fixture-tx-341,C,342,fixture-user-341,C,10.0
fixture-tx-341,D,342,fixture-user-341,D,10.0
fixture-tx-342,C,343,fixture-user-342,C,10.0
fixture-tx-342,D,343,fixture-user-342,D,10.0
fixture-tx-343,C,344,fixture-user-343,C,10.0
fixture-tx-343,D,344,fixture-user-343,D,10.0
fixture-tx-344,C,345,fixture-user-344,C,10.0
fixture-tx-344,D,345,fixture-user-344,D,10.0
fixture-tx-345,C,346,fixture-user-345,C,10.0
fixture-tx-345,D,346,fixture-user-345,D,10.0
fixture-tx-346,C,347,fixture-user-346,C,10.0
fixture-tx-346,D,347,fixture-user-346,D,10.0
fixture-tx-347,C,348,fixture-user-347,C,10.0
fixture-tx-347,D,348,fixture-user-347,D,10.0
fixture-tx-348,C,349,fixture-user-348,C,10.0
fixture-tx-348,D,349,fixture-user-348,D,10.0
fixture-tx-349,C,350,fixture-user-349,C,10.0
fixture-tx-349,D,350,fixture-user-349,D,10.0
fixture-tx-350,C,351,fixture-user-350,C,10.0
fixture-tx-350,D,351,fixture-user-350,D,10.0
fixture-tx-351,C,352,fixture-user-351,C,10.0
fixture-tx-351,D,352,fixture-user-351,D,10.0
fixture-tx-352,C,353,fixture-user-352,C,10.0
fixture-tx-352,D,353,fixture-user-352,D,10.0
fixture-tx-353,C,354,fixture-user-353,C,10.0
fixture-tx-353,D,354,fixture-user-353,D,10.0
fixture-tx-354,C,355,fixture-user-354,C,10.0
fixture-tx-354,D,355,fixture-user-354,D,10.0
fixture-tx-355,C,356,fixture-user-355,C,10.0
fixture-tx-355,D,356,fixture-user-355,D,10.0
fixture-tx-356,C,357,fixture-user-356,C,10.0
fixture-tx-356,D,357,fixture-user-356,D,10.0
fixture-tx-357,C,358,fixture-user-357,C,10.0
fixture-tx-357,D,358,fixture-user-357,D,10.0
fixture-tx-358,C,359,fixture-user-358,C,10.0
fixture-tx-358,D,359,fixture-user-358,D,10.0
fixture-tx-359,C,360,fixture-user-359,C,10.0
fixture-tx-359,D,360,fixture-user-359,D,10.0
fixture-tx-360,C,361,fixture-user-360,C,10.0
fixture-tx-360,D,361,fixture-user-360,D,10.0
fixture-tx-361,C,362,fixture-user-361,C,10.0
fixture-tx-361,D,362,fixture-user-361,D,10.0
fixture-tx-362,C,363,fixture-user-362,C,10.0
fixture-tx-362,D,363,fixture-user-362,D,10.0
fixture-tx-363,C,364,fixture-user-363,C,10.0
fixture-tx-363,D,364,fixture-user-363,D,10.0
fixture-tx-364,C,365,fixture-user-364,C,10.0
fixture-tx-364,D,365,fixture-user-364,D,10.0
fixture-tx-365,C,366,fixture-user-365,C,10.0
fixture-tx-365,D,366,fixture-user-365,D,10.0
fixture-tx-366,C,367,fixture-user-366,C,10.0
fixture-tx-366,D,367,fixture-user-366,D,10.0
fixture-tx-367,C,368,fixture-user-367,C,10.0
fixture-tx-367,D,368,fixture-user-367,D,10.0
fixture-tx-368,C,369,fixture-user-368,C,10.0
fixture-tx-368,D,369,fixture-user-368,D,10.0
fixture-tx-369,C,370,fixture-user-369,C,10.0
fixture-tx-369,D,370,fixture-user-369,D,10.0
fixture-tx-370,C,371,fixture-user-370,C,10.0
fixture-tx-370,D,371,fixture-user-370,D,10.0
fixture-tx-371,C,372,fixture-user-371,C,10.0
fixture-tx-371,D,372,fixture-user-371,D,10.0
fixture-tx-372,C,373,fixture-user-372,C,10.0
fixture-tx-372,D,373,fixture-user-372,D,10.0
fixture-tx-373,C,374,fixture-user-373,C,10.0
fixture-tx-373,D,374,fixture-user-373,D,10.0
fixture-tx-374,C,375,fixture-user-374,C,10.0
fixture-tx-374,D,375,fixture-user-374,D,10.0
fixture-tx-375,C,376,fixture-user-375,C,10.0
fixture-tx-375,D,376,fixture-user-375,D,10.0
fixture-tx-376,C,377,fixture-user-376,C,10.0
fixture-tx-376,D,377,fixture-user-376,D,10.0
fixture-tx-377,C,378,fixture-user-377,C,10.0
fixture-tx-377,D,378,fixture-user-377,D,10.0
fixture-tx-378,C,379,fixture-user-378,C,10.0
fixture-tx-378,D,379,fixture-user-378,D,10.0
fixture-tx-379,C,380,fixture-user-379,C,10.0
fixture-tx-379,D,380,fixture-user-379,D,10.0
fixture-tx-380,C,381,fixture-user-380,C,10.0
fixture-tx-380,D,381,fixture-user-380,D,10.0
fixture-tx-381,C,382,fixture-user-381,C,10.0
fixture-tx-381,D,382,fixture-user-381,D,10.0
fixture-tx-382,C,383,fixture-user-382,C,10.0
fixture-tx-382,D,383,fixture-user-382,D,10.0
fixture-tx-383,C,384,fixture-user-383,C,10.0
fixture-tx-383,D,384,fixture-user-383,D,10.0
fixture-tx-384,C,385,fixture-user-384,C,10.0
fixture-tx-384,D,385,fixture-user-384,D,10.0
fixture-tx-385,C,386,fixture-user-385,C,10.0
fixture-tx-385,D,386,fixture-user-385,D,10.0
fixture-tx-386,C,387,fixture-user-386,C,10.0
fixture-tx-386,D,387,fixture-user-386,D,10.0
fixture-tx-387,C,388,fixture-user-387,C,10.0
fixture-tx-387,D,388,fixture-user-387,D,10.0
fixture-tx-388,C,389,fixture-user-388,C,10.0
fixture-tx-388,D,389,fixture-user-388,D,10.0
fixture-tx-389,C,390,fixture-user-389,C,10.0
fixture-tx-389,D,390,fixture-user-389,D,10.0
fixture-tx-390,C,391,fixture-user-390,C,10.0
fixture-tx-390,D,391,fixture-user-390,D,10.0
fixture-tx-391,C,392,fixture-user-391,C,10.0
fixture-tx-391,D,392,fixture-user-391,D,10.0
fixture-tx-392,C,393,fixture-user-392,C,10.0
fixture-tx-392,D,393,fixture-user-392,D,10.0
fixture-tx-393,C,394,fixture-user-393,C,10.0
fixture-tx-393,D,394,fixture-user-393,D,10.0
fixture-tx-394,C,395,fixture-user-394,C,10.0
fixture-tx-394,D,395,fixture-user-394,D,10.0
fixture-tx-395,C,396,fixture-user-395,C,10.0
fixture-tx-395,D,396,fixture-user-395,D,10.0
fixture-tx-396,C,397,fixture-user-396,C,10.0
fixture-tx-396,D,397,fixture-user-396,D,10.0
fixture-tx-397,C,398,fixture-user-397,C,10.0
fixture-tx-397,D,398,fixture-user-397,D,10.0
fixture-tx-398,C,399,fixture-user-398,C,10.0
fixture-tx-398,D,399,fixture-user-398,D,10.0
fixture-tx-399,C,400,fixture-user-399,C,10.0
fixture-tx-399,D,400,fixture-user-399,D,10.0
fixture-tx-400,C,401,fixture-user-400,C,10.0
fixture-tx-400,D,401,fixture-user-400,D,10.0
fixture-tx-401,C,402,fixture-user-401,C,10.0
fixture-tx-401,D,402,fixture-user-401,D,10.0
fixture-tx-402,C,403,fixture-user-402,C,10.0
fixture-tx-402,D,403,fixture-user-402,D,10.0
fixture-tx-403,C,404,fixture-user-403,C,10.0
fixture-tx-403,D,404,fixture-user-403,D,10.0
fixture-tx-404,C,405,fixture-user-404,C,10.0
fixture-tx-404,D,405,fixture-user-404,D,10.0
fixture-tx-405,C,406,fixture-user-405,C,10.0
fixture-tx-405,D,406,fixture-user-405,D,10.0
fixture-tx-406,C,407,fixture-user-406,C,10.0
fixture-tx-406,D,407,fixture-user-406,D,10.0
fixture-tx-407,C,408,fixture-user-407,C,10.0
fixture-tx-407,D,408,fixture-user-407,D,10.0
fixture-tx-408,C,409,fixture-user-408,C,10.0
fixture-tx-408,D,409,fixture-user-408,D,10.0
fixture-tx-409,C,410,fixture-user-409,C,10.0
fixture-tx-409,D,410,fixture-user-409,D,10.0
fixture-tx-410,C,411,fixture-user-410,C,10.0
fixture-tx-410,D,411,fixture-user-410,D,10.0
fixture-tx-411,C,412,fixture-user-411,C,10.0
fixture-tx-411,D,412,fixture-user-411,D,10.0
fixture-tx-412,C,413,fixture-user-412,C,10.0
fixture-tx-412,D,413,fixture-user-412,D,10.0
fixture-tx-413,C,414,fixture-user-413,C,10.0
fixture-tx-413,D,414,fixture-user-413,D,10.0
fixture-tx-414,C,415,fixture-user-414,C,10.0
fixture-tx-414,D,415,fixture-user-414,D,10.0
fixture-tx-415,C,416,fixture-user-415,C,10.0
fixture-tx-415,D,416,fixture-user-415,D,10.0
fixture-tx-416,C,417,fixture-user-416,C,10.0
fixture-tx-416,D,417,fixture-user-416,D,10.0
fixture-tx-417,C,418,fixture-user-417,C,10.0
fixture-tx-417,D,418,fixture-user-417,D,10.0
fixture-tx-418,C,419,fixture-user-418,C,10.0
fixture-tx-418,D,419,fixture-user-418,D,10.0
fixture-tx-419,C,420,fixture-user-419,C,10.0
fixture-tx-419,D,420,fixture-user-419,D,10.0
fixture-tx-420,C,421,fixture-user-420,C,10.0
fixture-tx-420,D,421,fixture-user-420,D,10.0
fixture-tx-421,C,422,fixture-user-421,C,10.0
fixture-tx-421,D,422,fixture-user-421,D,10.0
fixture-tx-422,C,423,fixture-user-422,C,10.0
fixture-tx-422,D,423,fixture-user-422,D,10.0
fixture-tx-423,C,424,fixture-user-423,C,10.0
fixture-tx-423,D,424,fixture-user-423,D,10.0
fixture-tx-424,C,425,fixture-user-424,C,10.0
fixture-tx-424,D,425,fixture-user-424,D,10.0
fixture-tx-425,C,426,fixture-user-425,C,10.0
fixture-tx-425,D,426,fixture-user-425,D,10.0
fixture-tx-426,C,427,fixture-user-426,C,10.0
fixture-tx-426,D,427,fixture-user-426,D,10.0
fixture-tx-427,C,428,fixture-user-427,C,10.0
fixture-tx-427,D,428,fixture-user-427,D,10.0
fixture-tx-428,C,429,fixture-user-428,C,10.0
fixture-tx-428,D,429,fixture-user-428,D,10.0
fixture-tx-429,C,430,fixture-user-429,C,10.0
fixture-tx-429,D,430,fixture-user-429,D,10.0
fixture-tx-430,C,431,fixture-user-430,C,10.0
fixture-tx-430,D,431,fixture-user-430,D,10.0
fixture-tx-431,C,432,fixture-user-431,C,10.0
fixture-tx-431,D,432,fixture-user-431,D,10.0
fixture-tx-432,C,433,fixture-user-432,C,10.0
fixture-tx-432,D,433,fixture-user-432,D,10.0
fixture-tx-433,C,434,fixture-user-433,C,10.0
fixture-tx-433,D,434,fixture-user-433,D,10.0
fixture-tx-434,C,435,fixture-user-434,C,10.0
fixture-tx-434,D,435,fixture-user-434,D,10.0
fixture-tx-435,C,436,fixture-user-435,C,10.0
fixture-tx-435,D,436,fixture-user-435,D,10.0
fixture-tx-436,C,437,fixture-user-436,C,10.0
fixture-tx-436,D,437,fixture-user-436,D,10.0
fixture-tx-437,C,438,fixture-user-437,C,10.0
fixture-tx-437,D,438,fixture-user-437,D,10.0
fixture-tx-438,C,439,fixture-user-438,C,10.0
fixture-tx-438,D,439,fixture-user-438,D,10.0
fixture-tx-439,C,440,fixture-user-439,C,10.0
fixture-tx-439,D,440,fixture-user-439,D,10.0
fixture-tx-440,C,441,fixture-user-440,C,10.0
fixture-tx-440,D,441,fixture-user-440,D,10.0
fixture-tx-441,C,442,fixture-user-441,C,10.0
fixture-tx-441,D,442,fixture-user-441,D,10.0
fixture-tx-442,C,443,fixture-user-442,C,10.0
fixture-tx-442,D,443,fixture-user-442,D,10.0
fixture-tx-443,C,444,fixture-user-443,C,10.0
fixture-tx-443,D,444,fixture-user-443,D,10.0
fixture-tx-444,C,445,fixture-user-444,C,10.0
fixture-tx-444,D,445,fixture-user-444,D,10.0
fixture-tx-445,C,446,fixture-user-445,C,10.0
fixture-tx-445,D,446,fixture-user-445,D,10.0
fixture-tx-446,C,447,fixture-user-446,C,10.0
fixture-tx-446,D,447,fixture-user-446,D,10.0
fixture-tx-447,C,448,fixture-user-447,C,10.0
fixture-tx-447,D,448,fixture-user-447,D,10.0
fixture-tx-448,C,449,fixture-user-448,C,10.0
fixture-tx-448,D,449,fixture-user-448,D,10.0
fixture-tx-449,C,450,fixture-user-449,C,10.0
fixture-tx-449,D,450,fixture-user-449,D,10.0
fixture-tx-450,C,451,fixture-user-450,C,10.0
fixture-tx-450,D,451,fixture-user-450,D,10.0
fixture-tx-451,C,452,fixture-user-451,C,10.0
fixture-tx-451,D,452,fixture-user-451,D,10.0
fixture-tx-452,C,453,fixture-user-452,C,10.0
fixture-tx-452,D,453,fixture-user-452,D,10.0
fixture-tx-453,C,454,fixture-user-453,C,10.0
fixture-tx-453,D,454,fixture-user-453,D,10.0
fixture-tx-454,C,455,fixture-user-454,C,10.0
fixture-tx-454,D,455,fixture-user-454,D,10.0
fixture-tx-455,C,456,fixture-user-455,C,10.0
fixture-tx-455,D,456,fixture-user-455,D,10.0
fixture-tx-456,C,457,fixture-user-456,C,10.0
fixture-tx-456,D,457,fixture-user-456,D,10.0
fixture-tx-457,C,458,fixture-user-457,C,10.0
fixture-tx-457,D,458,fixture-user-457,D,10.0
fixture-tx-458,C,459,fixture-user-458,C,10.0
fixture-tx-458,D,459,fixture-user-458,D,10.0
fixture-tx-459,C,460,fixture-user-459,C,10.0
fixture-tx-459,D,460,fixture-user-459,D,10.0
fixture-tx-460,C,461,fixture-user-460,C,10.0
fixture-tx-460,D,461,fixture-user-460,D,10.0
fixture-tx-461,C,462,fixture-user-461,C,10.0
fixture-tx-461,D,462,fixture-user-461,D,10.0
fixture-tx-462,C,463,fixture-user-462,C,10.0
fixture-tx-462,D,463,fixture-user-462,D,10.0
fixture-tx-463,C,464,fixture-user-463,C,10.0
fixture-tx-463,D,464,fixture-user-463,D,10.0
fixture-tx-464,C,465,fixture-user-464,C,10.0
fixture-tx-464,D,465,fixture-user-464,D,10.0
fixture-tx-465,C,466,fixture-user-465,C,10.0
fixture-tx-465,D,466,fixture-user-465,D,10.0
fixture-tx-466,C,467,fixture-user-466,C,10.0
fixture-tx-466,D,467,fixture-user-466,D,10.0
fixture-tx-467,C,468,fixture-user-467,C,10.0
fixture-tx-467,D,468,fixture-user-467,D,10.0
fixture-tx-468,C,469,fixture-user-468,C,10.0
fixture-tx-468,D,469,fixture-user-468,D,10.0
fixture-tx-469,C,470,fixture-user-469,C,10.0
fixture-tx-469,D,470,fixture-user-469,D,10.0
fixture-tx-470,C,471,fixture-user-470,C,10.0
fixture-tx-470,D,471,fixture-user-470,D,10.0
fixture-tx-471,C,472,fixture-user-471,C,10.0
fixture-tx-471,D,472,fixture-user-471,D,10.0
fixture-tx-472,C,473,fixture-user-472,C,10.0
fixture-tx-472,D,473,fixture-user-472,D,10.0
fixture-tx-473,C,474,fixture-user-473,C,10.0
fixture-tx-473,D,474,fixture-user-473,D,10.0
fixture-tx-474,C,475,fixture-user-474,C,10.0
fixture-tx-474,D,475,fixture-user-474,D,10.0
fixture-tx-475,C,476,fixture-user-475,C,10.0
fixture-tx-475,D,476,fixture-user-475,D,10.0
fixture-tx-476,C,477,fixture-user-476,C,10.0
fixture-tx-476,D,477,fixture-user-476,D,10.0
fixture-tx-477,C,478,fixture-user-477,C,10.0
fixture-tx-477,D,478,fixture-user-477,D,10.0
fixture-tx-478,C,479,fixture-user-478,C,10.0
fixture-tx-478,D,479,fixture-user-478,D,10.0
fixture-tx-479,C,480,fixture-user-479,C,10.0
fixture-tx-479,D,480,fixture-user-479,D,10.0
fixture-tx-480,C,481,fixture-user-480,C,10.0
fixture-tx-480,D,481,fixture-user-480,D,10.0
fixture-tx-481,C,482,fixture-user-481,C,10.0
fixture-tx-481,D,482,fixture-user-481,D,10.0
fixture-tx-482,C,483,fixture-user-482,C,10.0
fixture-tx-482,D,483,fixture-user-482,D,10.0
fixture-tx-483,C,484,fixture-user-483,C,10.0
fixture-tx-483,D,484,fixture-user-483,D,10.0
fixture-tx-484,C,485,fixture-user-484,C,10.0
fixture-tx-484,D,485,fixture-user-484,D,10.0
fixture-tx-485,C,486,fixture-user-485,C,10.0
fixture-tx-485,D,486,fixture-user-485,D,10.0
fixture-tx-486,C,487,fixture-user-486,C,10.0
fixture-tx-486,D,487,fixture-user-486,D,10.0
fixture-tx-487,C,488,fixture-user-487,C,10.0
fixture-tx-487,D,488,fixture-user-487,D,10.0
fixture-tx-488,C,489,fixture-user-488,C,10.0
fixture-tx-488,D,489,fixture-user-488,D,10.0
fixture-tx-489,C,490,fixture-user-489,C,10.0
fixture-tx-489,D,490,fixture-user-489,D,10.0
fixture-tx-490,C,491,fixture-user-490,C,10.0
fixture-tx-490,D,491,fixture-user-490,D,10.0
fixture-tx-491,C,492,fixture-user-491,C,10.0
fixture-tx-491,D,492,fixture-user-491,D,10.0
fixture-tx-492,C,493,fixture-user-492,C,10.0
fixture-tx-492,D,493,fixture-user-492,D,10.0
fixture-tx-493,C,494,fixture-user-493,C,10.0
fixture-tx-493,D,494,fixture-user-493,D,10.0
fixture-tx-494,C,495,fixture-user-494,C,10.0
fixture-tx-494,D,495,fixture-user-494,D,10.0
fixture-tx-495,C,496,fixture-user-495,C,10.0
fixture-tx-495,D,496,fixture-user-495,D,10.0
fixture-tx-496,C,497,fixture-user-496,C,10.0
fixture-tx-496,D,497,fixture-user-496,D,10.0
fixture-tx-497,C,498,fixture-user-497,C,10.0
fixture-tx-497,D,498,fixture-user-497,D,10.0
fixture-tx-498,C,499,fixture-user-498,C,10.0
fixture-tx-498,D,499,fixture-user-498,D,10.0
fixture-tx-499,C,500,fixture-user-499,C,10.0
fixture-tx-499,D,500,fixture-user-499,D,10.0
fixture-tx-500,C,501,fixture-user-500,C,10.0
fixture-tx-500,D,501,fixture-user-500,D,10.0
fixture-tx-501,C,502,fixture-user-501,C,10.0
fixture-tx-501,D,502,fixture-user-501,D,10.0
fixture-tx-502,C,503,fixture-user-502,C,10.0
fixture-tx-502,D,503,fixture-user-502,D,10.0
fixture-tx-503,C,504,fixture-user-503,C,10.0
fixture-tx-503,D,504,fixture-user-503,D,10.0
fixture-tx-504,C,505,fixture-user-504,C,10.0
fixture-tx-504,D,505,fixture-user-504,D,10.0
fixture-tx-505,C,506,fixture-user-505,C,10.0
fixture-tx-505,D,506,fixture-user-505,D,10.0
fixture-tx-506,C,507,fixture-user-506,C,10.0
fixture-tx-506,D,507,fixture-user-506,D,10.0
fixture-tx-507,C,508,fixture-user-507,C,10.0
fixture-tx-507,D,508,fixture-user-507,D,10.0
fixture-tx-508,C,509,fixture-user-508,C,10.0
fixture-tx-508,D,509,fixture-user-508,D,10.0
fixture-tx-509,C,510,fixture-user-509,C,10.0
fixture-tx-509,D,510,fixture-user-509,D,10.0
fixture-tx-510,C,511,fixture-user-510,C,10.0
fixture-tx-510,D,511,fixture-user-510,D,10.0
fixture-tx-511,C,512,fixture-user-511,C,10.0
fixture-tx-511,D,512,fixture-user-511,D,10.0
fixture-tx-512,C,513,fixture-user-512,C,10.0
fixture-tx-512,D,513,fixture-user-512,D,10.0
fixture-tx-513,C,514,fixture-user-513,C,10.0
fixture-tx-513,D,514,fixture-user-513,D,10.0
fixture-tx-514,C,515,fixture-user-514,C,10.0
fixture-tx-514,D,515,fixture-user-514,D,10.0
fixture-tx-515,C,516,fixture-user-515,C,10.0
fixture-tx-515,D,516,fixture-user-515,D,10.0
fixture-tx-516,C,517,fixture-user-516,C,10.0
fixture-tx-516,D,517,fixture-user-516,D,10.0
fixture-tx-517,C,518,fixture-user-517,C,10.0
fixture-tx-517,D,518,fixture-user-517,D,10.0
fixture-tx-518,C,519,fixture-user-518,C,10.0
fixture-tx-518,D,519,fixture-user-518,D,10.0
fixture-tx-519,C,520,fixture-user-519,C,10.0
fixture-tx-519,D,520,fixture-user-519,D,10.0
fixture-tx-520,C,521,fixture-user-520,C,10.0
fixture-tx-520,D,521,fixture-user-520,D,10.0
fixture-tx-521,C,522,fixture-user-521,C,10.0
fixture-tx-521,D,522,fixture-user-521,D,10.0
fixture-tx-522,C,523,fixture-user-522,C,10.0
fixture-tx-522,D,523,fixture-user-522,D,10.0
fixture-tx-523,C,524,fixture-user-523,C,10.0
fixture-tx-523,D,524,fixture-user-523,D,10.0
fixture-tx-524,C,525,fixture-user-524,C,10.0
fixture-tx-524,D,525,fixture-user-524,D,10.0
fixture-tx-525,C,526,fixture-user-525,C,10.0
fixture-tx-525,D,526,fixture-user-525,D,10.0
fixture-tx-526,C,527,fixture-user-526,C,10.0
fixture-tx-526,D,527,fixture-user-526,D,10.0
fixture-tx-527,C,528,fixture-user-527,C,10.0
fixture-tx-527,D,528,fixture-user-527,D,10.0
fixture-tx-528,C,529,fixture-user-528,C,10.0
fixture-tx-528,D,529,fixture-user-528,D,10.0
fixture-tx-529,C,530,fixture-user-529,C,10.0
fixture-tx-529,D,530,fixture-user-529,D,10.0
fixture-tx-530,C,531,fixture-user-530,C,10.0
fixture-tx-530,D,531,fixture-user-530,D,10.0
fixture-tx-531,C,532,fixture-user-531,C,10.0
fixture-tx-531,D,532,fixture-user-531,D,10.0
fixture-tx-532,C,533,fixture-user-532,C,10.0
fixture-tx-532,D,533,fixture-user-532,D,10.0
fixture-tx-533,C,534,fixture-user-533,C,10.0
fixture-tx-533,D,534,fixture-user-533,D,10.0
fixture-tx-534,C,535,fixture-user-534,C,10.0
fixture-tx-534,D,535,fixture-user-534,D,10.0
fixture-tx-535,C,536,fixture-user-535,C,10.0
fixture-tx-535,D,536,fixture-user-535,D,10.0
fixture-tx-536,C,537,fixture-user-536,C,10.0
fixture-tx-536,D,537,fixture-user-536,D,10.0
fixture-tx-537,C,538,fixture-user-537,C,10.0
fixture-tx-537,D,538,fixture-user-537,D,10.0
fixture-tx-538,C,539,fixture-user-538,C,10.0
fixture-tx-538,D,539,fixture-user-538,D,10.0
fixture-tx-539,C,540,fixture-user-539,C,10.0
fixture-tx-539,D,540,fixture-user-539,D,10.0
fixture-tx-540,C,541,fixture-user-540,C,10.0
fixture-tx-540,D,541,fixture-user-540,D,10.0
fixture-tx-541,C,542,fixture-user-541,C,10.0
fixture-tx-541,D,542,fixture-user-541,D,10.0
fixture-tx-542,C,543,fixture-user-542,C,10.0
fixture-tx-542,D,543,fixture-user-542,D,10.0
fixture-tx-543,C,544,fixture-user-543,C,10.0
fixture-tx-543,D,544,fixture-user-543,D,10.0
fixture-tx-544,C,545,fixture-user-544,C,10.0
fixture-tx-544,D,545,fixture-user-544,D,10.0
fixture-tx-545,C,546,fixture-user-545,C,10.0
fixture-tx-545,D,546,fixture-user-545,D,10.0
fixture-tx-546,C,547,fixture-user-546,C,10.0
fixture-tx-546,D,547,fixture-user-546,D,10.0
fixture-tx-547,C,548,fixture-user-547,C,10.0
fixture-tx-547,D,548,fixture-user-547,D,10.0
fixture-tx-548,C,549,fixture-user-548,C,10.0
fixture-tx-548,D,549,fixture-user-548,D,10.0
fixture-tx-549,C,550,fixture-user-549,C,10.0
fixture-tx-549,D,550,fixture-user-549,D,10.0
fixture-tx-550,C,551,fixture-user-550,C,10.0
fixture-tx-550,D,551,fixture-user-550,D,10.0
fixture-tx-551,C,552,fixture-user-551,C,10.0
fixture-tx-551,D,552,fixture-user-551,D,10.0
fixture-tx-552,C,553,fixture-user-552,C,10.0
fixture-tx-552,D,553,fixture-user-552,D,10.0
fixture-tx-553,C,554,fixture-user-553,C,10.0
fixture-tx-553,D,554,fixture-user-553,D,10.0
fixture-tx-554,C,555,fixture-user-554,C,10.0
fixture-tx-554,D,555,fixture-user-554,D,10.0
fixture-tx-555,C,556,fixture-user-555,C,10.0
fixture-tx-555,D,556,fixture-user-555,D,10.0
fixture-tx-556,C,557,fixture-user-556,C,10.0
fixture-tx-556,D,557,fixture-user-556,D,10.0
fixture-tx-557,C,558,fixture-user-557,C,10.0
fixture-tx-557,D,558,fixture-user-557,D,10.0
fixture-tx-558,C,559,fixture-user-558,C,10.0
fixture-tx-558,D,559,fixture-user-558,D,10.0
fixture-tx-559,C,560,fixture-user-559,C,10.0
fixture-tx-559,D,560,fixture-user-559,D,10.0
fixture-tx-560,C,561,fixture-user-560,C,10.0
fixture-tx-560,D,561,fixture-user-560,D,10.0
fixture-tx-561,C,562,fixture-user-561,C,10.0
fixture-tx-561,D,562,fixture-user-561,D,10.0
fixture-tx-562,C,563,fixture-user-562,C,10.0
fixture-tx-562,D,563,fixture-user-562,D,10.0
fixture-tx-563,C,564,fixture-user-563,C,10.0
fixture-tx-563,D,564,fixture-user-563,D,10.0
fixture-tx-564,C,565,fixture-user-564,C,10.0
fixture-tx-564,D,565,fixture-user-564,D,10.0
fixture-tx-565,C,566,fixture-user-565,C,10.0
fixture-tx-565,D,566,fixture-user-565,D,10.0
fixture-tx-566,C,567,fixture-user-566,C,10.0
fixture-tx-566,D,567,fixture-user-566,D,10.0
fixture-tx-567,C,568,fixture-user-567,C,10.0
fixture-tx-567,D,568,fixture-user-567,D,10.0
fixture-tx-568,C,569,fixture-user-568,C,10.0
fixture-tx-568,D,569,fixture-user-568,D,10.0
fixture-tx-569,C,570,fixture-user-569,C,10.0
fixture-tx-569,D,570,fixture-user-569,D,10.0
fixture-tx-570,C,571,fixture-user-570,C,10.0
fixture-tx-570,D,571,fixture-user-570,D,10.0
fixture-tx-571,C,572,fixture-user-571,C,10.0
fixture-tx-571,D,572,fixture-user-571,D,10.0
fixture-tx-572,C,573,fixture-user-572,C,10.0
fixture-tx-572,D,573,fixture-user-572,D,10.0
fixture-tx-573,C,574,fixture-user-573,C,10.0
fixture-tx-573,D,574,fixture-user-573,D,10.0
fixture-tx-574,C,575,fixture-user-574,C,10.0
fixture-tx-574,D,575,fixture-user-574,D,10.0
fixture-tx-575,C,576,fixture-user-575,C,10.0
fixture-tx-575,D,576,fixture-user-575,D,10.0
fixture-tx-576,C,577,fixture-user-576,C,10.0
fixture-tx-576,D,577,fixture-user-576,D,10.0
fixture-tx-577,C,578,fixture-user-577,C,10.0
fixture-tx-577,D,578,fixture-user-577,D,10.0
fixture-tx-578,C,579,fixture-user-578,C,10.0
fixture-tx-578,D,579,fixture-user-578,D,10.0
fixture-tx-579,C,580,fixture-user-579,C,10.0
fixture-tx-579,D,580,fixture-user-579,D,10.0
fixture-tx-580,C,581,fixture-user-580,C,10.0
fixture-tx-580,D,581,fixture-user-580,D,10.0
fixture-tx-581,C,582,fixture-user-581,C,10.0
fixture-tx-581,D,582,fixture-user-581,D,10.0
fixture-tx-582,C,583,fixture-user-582,C,10.0
fixture-tx-582,D,583,fixture-user-582,D,10.0
fixture-tx-583,C,584,fixture-user-583,C,10.0
fixture-tx-583,D,584,fixture-user-583,D,10.0
fixture-tx-584,C,585,fixture-user-584,C,10.0
fixture-tx-584,D,585,fixture-user-584,D,10.0
fixture-tx-585,C,586,fixture-user-585,C,10.0
fixture-tx-585,D,586,fixture-user-585,D,10.0
fixture-tx-586,C,587,fixture-user-586,C,10.0
fixture-tx-586,D,587,fixture-user-586,D,10.0
fixture-tx-587,C,588,fixture-user-587,C,10.0
fixture-tx-587,D,588,fixture-user-587,D,10.0
fixture-tx-588,C,589,fixture-user-588,C,10.0
fixture-tx-588,D,589,fixture-user-588,D,10.0
fixture-tx-589,C,590,fixture-user-589,C,10.0
fixture-tx-589,D,590,fixture-user-589,D,10.0
fixture-tx-590,C,591,fixture-user-590,C,10.0
fixture-tx-590,D,591,fixture-user-590,D,10.0
fixture-tx-591,C,592,fixture-user-591,C,10.0
fixture-tx-591,D,592,fixture-user-591,D,10.0
fixture-tx-592,C,593,fixture-user-592,C,10.0
fixture-tx-592,D,593,fixture-user-592,D,10.0
fixture-tx-593,C,594,fixture-user-593,C,10.0
fixture-tx-593,D,594,fixture-user-593,D,10.0
fixture-tx-594,C,595,fixture-user-594,C,10.0
fixture-tx-594,D,595,fixture-user-594,D,10.0
fixture-tx-595,C,596,fixture-user-595,C,10.0
fixture-tx-595,D,596,fixture-user-595,D,10.0
fixture-tx-596,C,597,fixture-user-596,C,10.0
fixture-tx-596,D,597,fixture-user-596,D,10.0
fixture-tx-597,C,598,fixture-user-597,C,10.0
fixture-tx-597,D,598,fixture-user-597,D,10.0
fixture-tx-598,C,599,fixture-user-598,C,10.0
fixture-tx-598,D,599,fixture-user-598,D,10.0
fixture-tx-599,C,600,fixture-user-599,C,10.0
fixture-tx-599,D,600,fixture-user-599,D,10.0
