feature,PC1,PC2,PC3
recency_days,-0.3433665093174977,-0.02588772688057776,0.5720697739263824
frequency_sessions,0.3615034804062067,0.02582780576502036,-0.038736503493193436
monetary_usd,0.2048863401953136,0.7277803366260416,-0.25183395693157323
view_item_count,0.33490621290780315,0.13075105919177135,0.6834697796955225
add_to_cart_count,0.3532680720428854,-0.25415974462787333,-0.017290044743593976
checkout_count,0.3655447605016776,0.1069332559034627,-0.12633364546128517
cart_to_view_ratio,0.2642002990807911,-0.6125347818735646,-0.1979529663746897
total_engagement_time_sec,0.36709343576809117,0.020126786208336113,0.10211663677147842
total_pageviews,0.3664606374727205,-0.016335502797426522,0.2735179252101234
