event_timestamp,user_pseudo_id,transaction_id,item_id,item_name,price_in_usd
1604188800000000,user_101,tx_101,GGOEGAAB023214,Google Sunglasses,15.99
1604188800000000,user_101,tx_101,GGOEGAAB023215,Google Sun Hat,22.5
1604189800000000,user_102,tx_102,GGOEGOAA018799,Google Hard Cover Journal,12.99
1604189800000000,user_102,tx_102,GGOEGAAX0037,Google Coaster Set,9.99
1604190800000000,user_103,tx_103,GGOEGOAA018799,Google Hard Cover Journal,12.99
1604190800000000,user_103,tx_103,GGOEGAAX0037,Google Coaster Set,9.99
1604190800000000,user_103,tx_103,GGOEGBJR018199,Google Metallic Pen,4.99
1604191800000000,user_104,tx_104,GGOEGFKQ016499,Google Water Bottle,18.0
1604191800000000,user_104,tx_104,GGOEGAAB023214,Google Sunglasses,15.99
1604192800000000,user_105,tx_105,GGOEGOAA018799,Google Hard Cover Journal,12.99
1604192800000000,user_105,tx_105,GGOEGAAX0037,Google Coaster Set,9.99
