user_pseudo_id,recency_days,frequency_sessions,monetary_usd,view_item_count,add_to_cart_count,checkout_count,cart_abandon_ratio,total_engagement_time_sec,total_pageviews
user_0000,52,4,0.0,22,7,1,0.115,88.7,5
user_0001,15,2,0.0,9,2,2,0.49,122.9,18
user_0002,72,2,0.0,17,1,0,0.17,185.2,16
user_0003,61,1,120.0,12,2,3,0.051,62.3,8
user_0004,21,2,0.0,7,2,3,0.618,0.3,25
user_0005,83,1,0.0,10,7,2,0.208,227.6,32
user_0006,87,1,0.0,10,4,1,0.588,57.5,26
user_0007,75,2,25.5,13,4,0,0.112,82.2,22
user_0008,75,1,0.0,19,4,1,0.332,0.9,31
user_0009,88,1,0.0,11,1,0,0.782,81.3,10
user_0010,24,2,0.0,13,2,2,0.437,516.5,12
user_0011,3,1,0.0,21,0,0,0.628,39.1,28
user_0012,22,1,0.0,8,3,0,0.647,60.4,6
user_0013,53,3,25.5,8,4,2,0.844,139.5,20
user_0014,2,2,0.0,4,4,1,0.325,202.4,5
user_0015,88,1,0.0,15,6,2,0.687,64.8,23
user_0016,30,4,0.0,11,2,0,0.962,44.5,9
user_0017,38,1,0.0,11,2,2,0.73,333.3,29
user_0018,2,3,0.0,1,1,0,0.49,135.7,16
user_0019,64,2,0.0,17,1,2,0.631,15.2,22
user_0020,60,12,0.0,15,4,3,0.74,8.6,8
user_0021,21,3,0.0,20,2,3,0.612,79.3,20
user_0022,33,3,0.0,6,0,2,0.017,29.8,14
user_0023,76,3,0.0,24,3,1,0.195,35.2,39
user_0024,58,1,0.0,22,7,0,0.81,252.1,37
user_0025,22,1,59.9,15,2,3,0.273,11.3,34
user_0026,89,3,0.0,9,6,1,0.732,150.8,11
user_0027,49,1,0.0,14,7,0,0.372,38.0,33
user_0028,59,3,25.5,18,2,3,0.522,171.4,31
user_0029,42,1,0.0,17,5,3,0.068,153.8,34
user_0030,60,2,59.9,18,1,2,0.181,0.9,7
user_0031,80,1,0.0,5,6,0,0.957,85.4,23
user_0032,15,1,120.0,20,3,1,0.89,18.0,7
user_0033,62,2,0.0,20,4,1,0.652,241.4,25
user_0034,62,2,0.0,9,6,1,0.46,246.3,3
user_0035,47,2,0.0,11,2,0,0.676,65.0,38
user_0036,62,1,120.0,24,4,1,0.619,70.5,20
user_0037,51,1,25.5,22,2,1,0.569,43.4,34
user_0038,55,3,0.0,1,4,1,0.059,151.3,30
user_0039,64,1,0.0,18,3,2,0.633,53.3,17
user_0040,3,2,120.0,6,1,2,0.769,37.4,10
user_0041,51,2,0.0,2,3,0,0.994,67.9,35
user_0042,7,3,25.5,15,5,0,0.011,11.5,20
user_0043,21,2,25.5,21,0,1,0.73,164.7,18
user_0044,73,3,0.0,14,1,2,0.572,1.5,27
user_0045,39,5,0.0,5,3,3,0.434,124.1,36
user_0046,18,1,0.0,6,5,3,0.128,24.2,23
user_0047,4,1,0.0,6,0,1,0.409,31.7,32
user_0048,89,1,59.9,22,5,1,0.354,121.2,10
user_0049,60,1,0.0,18,2,2,0.303,594.5,11
user_0050,14,2,59.9,14,7,2,0.731,180.5,38
user_0051,9,4,0.0,10,2,2,0.701,30.7,6
user_0052,53,1,350.0,14,4,0,0.589,23.2,34
user_0053,2,1,0.0,13,1,0,0.939,241.4,36
user_0054,84,1,0.0,3,2,1,0.35,70.5,37
user_0055,60,3,0.0,6,6,0,0.244,17.7,17
user_0056,71,2,0.0,8,5,2,0.656,237.8,12
user_0057,44,1,0.0,12,1,2,0.199,203.2,21
user_0058,8,4,25.5,13,7,0,0.315,495.5,19
user_0059,47,3,0.0,11,6,3,0.225,288.6,3
user_0060,35,1,0.0,12,2,1,0.069,229.1,18
user_0061,78,2,0.0,1,4,3,0.827,6.5,19
user_0062,81,3,0.0,17,3,1,0.255,13.2,6
user_0063,36,1,0.0,16,4,3,0.473,101.0,16
user_0064,50,1,890.0,11,6,0,0.043,91.0,8
user_0065,4,1,350.0,13,0,1,0.699,73.5,18
user_0066,2,1,120.0,18,2,1,0.331,60.7,39
user_0067,6,3,25.5,11,6,1,0.745,67.7,12
user_0068,54,4,0.0,12,0,2,0.412,101.1,10
user_0069,4,1,0.0,6,0,2,0.196,0.2,7
user_0070,54,1,0.0,9,5,3,0.513,36.2,1
user_0071,63,1,25.5,16,1,0,0.131,87.6,36
user_0072,18,1,0.0,4,5,2,0.441,153.7,21
user_0073,44,3,0.0,3,2,1,0.317,23.0,37
user_0074,34,1,0.0,16,0,2,0.912,95.0,24
user_0075,74,1,0.0,24,7,0,0.061,150.4,25
user_0076,62,1,59.9,12,6,2,0.694,70.6,7
user_0077,14,2,25.5,11,3,1,0.183,3.3,17
user_0078,48,1,0.0,5,0,3,0.319,71.6,29
user_0079,15,3,350.0,18,6,1,0.416,42.2,30
user_0080,72,1,0.0,19,7,0,0.908,318.5,7
user_0081,78,3,0.0,23,3,3,0.243,16.0,33
user_0082,87,2,0.0,23,5,2,0.091,126.8,7
user_0083,62,1,0.0,6,5,2,0.319,6.5,24
user_0084,40,1,0.0,22,1,2,0.105,70.9,11
user_0085,85,4,120.0,18,6,3,0.129,96.9,9
user_0086,80,4,0.0,6,0,1,0.574,42.5,12
user_0087,82,1,59.9,4,4,3,0.061,72.9,35
user_0088,53,1,0.0,12,5,3,0.031,21.4,4
user_0089,24,4,0.0,19,5,0,0.714,43.5,36
user_0090,26,2,0.0,2,1,3,0.362,116.5,28
user_0091,89,1,0.0,17,3,2,0.125,43.1,13
user_0092,60,4,0.0,11,1,1,0.254,276.0,23
user_0093,41,1,59.9,11,7,1,0.642,118.8,19
user_0094,29,2,0.0,21,0,1,0.276,69.3,37
user_0095,15,1,0.0,16,6,2,0.495,4.7,39
user_0096,45,1,0.0,2,2,2,0.122,83.1,24
user_0097,65,1,0.0,2,2,2,0.588,173.7,16
user_0098,89,3,0.0,23,6,2,0.316,37.0,33
user_0099,71,1,0.0,8,3,2,0.627,197.3,12
user_0100,9,1,0.0,13,7,3,0.808,34.8,34
user_0101,88,1,0.0,10,5,2,0.612,208.3,7
user_0102,1,2,0.0,8,3,2,0.296,10.7,11
user_0103,8,8,0.0,4,5,2,0.256,241.4,31
user_0104,88,1,0.0,15,5,2,0.327,83.0,29
user_0105,63,2,0.0,1,2,1,0.165,42.2,13
user_0106,11,4,59.9,11,3,2,0.181,37.0,31
user_0107,81,2,0.0,7,7,3,0.791,67.9,2
user_0108,8,1,0.0,17,1,3,0.385,835.0,39
user_0109,35,1,0.0,20,5,3,0.436,29.9,15
user_0110,35,1,890.0,24,4,0,0.594,13.1,11
user_0111,33,1,0.0,18,4,1,0.59,105.5,34
user_0112,5,1,0.0,22,1,2,0.067,80.5,39
user_0113,41,3,59.9,22,4,0,0.832,89.1,4
user_0114,28,1,0.0,12,0,2,0.177,131.9,11
user_0115,7,1,0.0,9,5,0,0.723,37.3,29
user_0116,73,2,0.0,5,1,0,0.773,289.8,2
user_0117,72,1,0.0,10,3,3,0.715,68.7,16
user_0118,12,3,350.0,4,5,3,0.579,16.6,39
user_0119,34,2,0.0,5,1,0,0.015,162.7,13
user_0120,33,1,0.0,10,2,3,0.36,123.6,37
user_0121,48,3,0.0,11,7,0,0.605,45.5,17
user_0122,23,2,0.0,21,3,1,0.387,116.6,21
user_0123,62,2,0.0,24,7,3,0.863,29.8,19
user_0124,88,1,25.5,10,2,3,0.309,70.6,7
user_0125,37,1,0.0,8,5,3,0.294,275.6,38
user_0126,44,3,0.0,2,3,1,0.266,17.2,8
user_0127,86,1,0.0,23,7,0,0.333,58.7,13
user_0128,35,1,0.0,8,4,2,0.557,206.5,37
user_0129,65,1,0.0,16,7,3,0.707,418.8,2
user_0130,47,3,0.0,22,1,0,0.663,72.6,11
user_0131,78,1,120.0,5,5,1,0.808,84.9,24
user_0132,3,4,0.0,3,0,2,0.886,101.9,6
user_0133,1,2,0.0,12,7,3,0.816,323.2,26
user_0134,5,3,0.0,13,3,1,0.019,234.4,7
user_0135,14,8,0.0,13,3,1,0.736,22.4,39
user_0136,27,3,25.5,10,6,2,0.208,68.9,19
user_0137,9,4,0.0,4,7,0,0.133,74.8,6
user_0138,79,1,0.0,9,5,3,0.638,186.8,29
user_0139,15,2,0.0,22,5,3,0.32,110.8,39
user_0140,42,1,0.0,24,2,0,0.057,127.4,2
user_0141,77,1,0.0,23,6,0,0.138,758.4,19
user_0142,51,2,0.0,2,7,0,0.001,9.4,4
user_0143,63,2,59.9,19,4,2,0.903,30.3,6
user_0144,52,1,0.0,1,2,2,0.025,62.9,37
user_0145,4,2,0.0,7,6,3,0.209,51.3,28
user_0146,23,4,0.0,17,7,2,0.416,2.6,30
user_0147,15,2,25.5,3,7,1,0.357,11.6,7
user_0148,43,3,0.0,20,2,3,0.912,137.1,9
user_0149,29,3,59.9,20,4,2,0.04,253.8,25
user_0150,36,8,0.0,21,6,0,0.512,86.6,33
user_0151,13,2,0.0,3,7,1,0.68,93.0,1
user_0152,32,3,59.9,3,7,0,0.932,35.3,6
user_0153,71,5,0.0,17,6,3,0.62,175.3,18
user_0154,59,5,0.0,7,0,0,0.804,167.2,10
user_0155,86,1,0.0,14,2,2,0.084,106.5,28
user_0156,28,1,25.5,17,2,2,0.386,28.7,11
user_0157,66,1,0.0,18,3,3,0.374,12.2,33
user_0158,42,1,0.0,13,4,0,0.886,8.0,1
user_0159,45,2,0.0,20,1,3,0.151,107.8,13
user_0160,62,3,0.0,20,0,0,0.152,209.2,37
user_0161,57,3,0.0,21,6,1,0.329,234.5,20
user_0162,6,1,25.5,18,6,2,0.054,74.7,1
user_0163,28,4,25.5,4,6,3,0.182,184.0,3
user_0164,28,2,25.5,1,0,1,0.965,352.2,18
user_0165,44,3,0.0,18,7,1,0.428,38.6,14
user_0166,84,4,0.0,1,6,3,0.632,60.9,31
user_0167,30,2,25.5,13,6,3,0.726,321.7,27
user_0168,62,1,0.0,20,4,1,0.367,49.5,17
user_0169,75,3,25.5,20,5,0,0.147,294.2,29
user_0170,89,1,25.5,23,5,1,0.207,475.9,36
user_0171,62,1,0.0,10,3,3,0.313,130.1,37
user_0172,1,3,0.0,11,3,1,0.636,203.7,26
user_0173,27,1,0.0,9,6,0,0.398,166.1,17
user_0174,62,3,0.0,9,4,2,0.007,144.3,22
user_0175,77,1,0.0,5,6,2,0.523,44.0,25
user_0176,3,4,25.5,1,3,1,0.922,7.1,2
user_0177,70,1,0.0,17,0,0,0.812,50.4,22
user_0178,72,8,0.0,22,0,2,0.825,131.9,5
user_0179,27,3,0.0,2,7,1,0.795,13.0,4
user_0180,9,1,0.0,24,1,1,0.324,1.4,36
user_0181,62,2,0.0,13,5,0,0.765,18.1,6
user_0182,37,8,0.0,9,4,3,0.143,150.9,21
user_0183,51,1,0.0,4,2,1,0.658,432.5,13
user_0184,44,1,0.0,5,5,3,0.642,489.4,37
user_0185,24,1,0.0,11,2,3,0.026,81.7,25
user_0186,79,2,0.0,24,1,2,0.788,244.2,26
user_0187,59,3,59.9,19,1,3,0.903,160.2,39
user_0188,32,2,0.0,21,6,0,0.267,83.4,20
user_0189,88,1,0.0,3,3,2,0.812,102.0,33
user_0190,52,1,0.0,12,1,2,0.082,17.7,14
user_0191,62,2,0.0,19,1,2,0.6,333.0,36
user_0192,58,1,0.0,19,2,1,0.486,52.1,17
user_0193,52,1,0.0,13,3,1,0.546,70.9,21
user_0194,12,4,0.0,7,1,3,0.926,133.6,16
user_0195,39,2,0.0,15,5,2,0.871,48.8,16
user_0196,2,2,0.0,23,7,2,0.785,35.2,20
user_0197,3,3,0.0,7,1,0,0.274,119.7,29
user_0198,56,2,0.0,8,7,3,0.912,3.0,28
user_0199,81,3,0.0,5,3,0,0.098,153.1,8
user_0200,59,1,0.0,21,6,3,0.853,86.6,24
user_0201,2,1,0.0,14,4,3,0.328,111.7,3
user_0202,2,1,0.0,4,3,1,0.054,119.9,25
user_0203,54,1,350.0,23,2,1,0.669,89.9,19
user_0204,87,3,0.0,10,4,0,0.231,104.8,33
user_0205,1,1,25.5,20,5,3,0.244,138.2,2
user_0206,19,1,0.0,15,0,2,0.306,167.9,15
user_0207,2,1,0.0,18,7,1,0.064,156.0,22
user_0208,53,1,0.0,20,7,2,0.177,244.5,10
user_0209,44,3,0.0,13,7,0,0.005,25.2,18
user_0210,32,1,0.0,8,3,1,0.445,61.5,22
user_0211,70,2,0.0,9,7,1,0.084,354.3,27
user_0212,32,1,0.0,16,6,3,0.683,60.6,13
user_0213,68,2,25.5,19,7,0,0.236,16.0,33
user_0214,55,3,25.5,16,2,3,0.944,89.4,5
user_0215,75,1,0.0,7,5,1,0.871,13.9,26
user_0216,56,3,0.0,14,7,0,0.289,27.2,13
user_0217,17,1,0.0,14,7,1,0.783,766.6,27
user_0218,38,1,0.0,4,4,0,0.803,93.5,14
user_0219,24,5,0.0,15,5,1,0.987,40.1,24
user_0220,69,1,0.0,3,7,2,0.598,630.5,3
user_0221,70,1,0.0,5,3,2,0.082,407.8,30
user_0222,86,3,890.0,1,1,3,0.647,69.7,35
user_0223,11,1,0.0,3,6,2,0.625,36.2,14
user_0224,16,3,0.0,15,3,1,0.638,218.7,12
user_0225,73,1,120.0,24,0,1,0.307,150.9,28
user_0226,59,4,0.0,8,3,2,0.86,139.4,29
user_0227,70,3,0.0,4,4,3,0.959,268.3,17
user_0228,80,2,350.0,2,4,2,0.218,140.3,21
user_0229,3,5,0.0,24,7,0,0.088,40.1,23
user_0230,20,1,0.0,24,3,0,0.195,142.0,20
user_0231,59,5,0.0,10,4,0,0.821,43.8,11
user_0232,36,1,0.0,4,1,2,0.677,170.9,34
user_0233,19,1,0.0,3,5,2,0.636,116.0,10
user_0234,67,1,59.9,2,3,2,0.402,9.7,10
user_0235,19,2,25.5,17,6,0,0.578,86.3,6
user_0236,20,1,0.0,23,1,3,0.308,50.5,36
user_0237,71,3,59.9,21,7,1,0.477,47.8,24
user_0238,52,3,0.0,24,5,2,0.793,110.6,12
user_0239,33,5,0.0,20,6,3,0.981,46.7,23
user_0240,40,1,0.0,23,7,1,0.932,180.0,27
user_0241,39,2,0.0,13,6,1,0.934,8.8,37
user_0242,82,1,0.0,5,7,1,0.402,129.6,6
user_0243,1,1,120.0,21,6,3,0.469,198.8,1
user_0244,11,1,0.0,9,5,3,0.706,134.1,6
user_0245,57,1,0.0,22,1,0,0.922,82.5,22
user_0246,89,3,0.0,6,6,3,0.142,360.2,24
user_0247,50,2,59.9,5,6,3,0.304,42.8,25
user_0248,23,1,59.9,10,2,3,0.139,2.3,15
user_0249,31,1,25.5,8,3,1,0.612,67.9,26
user_0250,42,1,0.0,7,5,2,0.306,4.0,8
user_0251,7,1,0.0,7,7,0,0.326,369.3,24
user_0252,16,5,0.0,6,5,2,0.071,28.3,38
user_0253,60,1,0.0,21,4,2,0.35,186.7,6
user_0254,2,1,0.0,20,7,3,0.862,178.8,35
user_0255,1,1,59.9,3,5,0,0.233,29.5,1
user_0256,48,3,0.0,19,1,2,0.695,116.5,36
user_0257,12,5,0.0,22,7,2,0.63,5.9,12
user_0258,69,3,0.0,15,7,0,0.863,79.3,38
user_0259,37,2,0.0,4,5,3,0.132,1.8,11
user_0260,32,2,0.0,12,7,2,0.978,304.8,12
user_0261,9,1,0.0,6,2,1,0.583,448.0,39
user_0262,19,5,0.0,19,3,2,0.995,30.2,7
user_0263,48,3,25.5,4,7,1,0.912,28.0,11
user_0264,80,2,350.0,15,3,3,0.222,168.2,36
user_0265,3,3,0.0,9,5,2,0.056,35.1,31
user_0266,20,3,0.0,5,6,0,0.256,270.5,33
user_0267,24,2,25.5,13,0,0,0.528,102.4,13
user_0268,54,8,0.0,23,0,2,0.172,51.8,18
user_0269,33,4,0.0,18,6,3,0.167,214.6,24
user_0270,24,2,59.9,5,6,3,0.463,81.6,9
user_0271,75,2,0.0,16,6,0,0.033,291.2,31
user_0272,72,1,0.0,19,1,2,0.122,315.8,10
user_0273,36,2,0.0,14,0,3,0.416,21.7,2
user_0274,38,1,0.0,16,6,0,0.063,0.3,38
user_0275,84,2,0.0,15,1,1,0.397,495.7,15
user_0276,89,12,25.5,22,4,2,0.474,283.9,3
user_0277,25,2,0.0,4,7,1,0.451,6.8,31
user_0278,18,1,0.0,7,1,1,0.869,214.8,6
user_0279,82,1,0.0,16,0,3,0.53,73.5,3
user_0280,66,1,0.0,24,5,3,0.468,36.0,11
user_0281,54,3,0.0,22,4,3,0.411,253.2,15
user_0282,35,1,59.9,21,0,2,0.818,26.3,28
user_0283,80,1,0.0,22,7,1,0.895,353.2,10
user_0284,61,1,25.5,21,1,2,0.853,27.6,38
user_0285,41,3,25.5,8,2,3,0.674,114.1,7
user_0286,33,3,0.0,17,3,1,0.137,30.3,15
user_0287,68,1,0.0,16,7,2,0.277,94.7,18
user_0288,33,1,350.0,23,0,2,0.046,138.2,18
user_0289,14,2,0.0,10,6,0,0.931,25.3,24
user_0290,21,2,0.0,10,1,2,0.661,88.3,2
user_0291,48,2,0.0,2,6,3,0.746,76.0,20
user_0292,20,1,0.0,9,6,2,0.312,8.8,34
user_0293,8,2,0.0,17,6,1,0.846,204.7,26
user_0294,7,1,120.0,11,6,2,0.26,49.1,7
user_0295,67,4,120.0,10,6,0,0.002,102.6,38
user_0296,17,2,0.0,22,4,1,0.376,86.8,30
user_0297,33,1,0.0,17,0,1,0.571,86.4,5
user_0298,48,1,0.0,4,7,0,0.479,13.6,11
user_0299,76,2,0.0,16,0,3,0.862,66.1,1
user_0300,59,3,0.0,20,7,1,0.105,72.3,34
user_0301,86,2,0.0,15,3,3,0.554,158.8,1
user_0302,22,2,0.0,21,1,1,0.513,219.9,19
user_0303,30,3,350.0,5,2,1,0.281,94.5,2
user_0304,38,2,0.0,6,4,3,0.822,10.9,21
user_0305,51,1,0.0,17,1,1,0.753,32.4,20
user_0306,54,4,0.0,1,4,3,0.733,21.6,23
user_0307,8,1,25.5,19,7,0,0.876,16.0,21
user_0308,27,1,0.0,4,0,3,0.723,54.7,24
user_0309,27,12,0.0,17,6,0,0.232,31.3,4
user_0310,21,1,0.0,9,3,1,0.706,29.6,12
user_0311,30,1,25.5,24,3,3,0.308,6.7,22
user_0312,28,1,0.0,2,5,1,0.242,2.1,20
user_0313,64,5,0.0,8,2,3,0.073,13.0,18
user_0314,69,1,0.0,15,3,0,0.744,22.7,1
user_0315,61,1,0.0,7,6,0,0.711,67.7,30
user_0316,48,1,0.0,6,0,3,0.234,85.7,33
user_0317,19,1,59.9,1,2,0,0.749,18.2,24
user_0318,4,1,0.0,15,7,1,0.918,66.4,14
user_0319,35,1,0.0,23,1,1,0.108,50.2,36
user_0320,64,2,0.0,7,7,2,0.233,24.3,5
user_0321,49,1,25.5,17,6,0,0.75,0.8,11
user_0322,17,1,0.0,2,6,1,0.275,75.5,24
user_0323,44,1,0.0,9,3,3,0.625,138.9,31
user_0324,30,1,350.0,9,2,0,0.081,30.8,13
user_0325,46,2,25.5,13,0,1,0.452,17.0,16
user_0326,6,3,0.0,6,7,0,0.739,261.7,24
user_0327,37,1,0.0,6,5,3,0.687,38.6,13
user_0328,24,1,59.9,20,7,1,0.815,30.4,24
user_0329,46,1,0.0,20,4,2,0.877,233.5,26
user_0330,53,4,25.5,21,4,2,0.773,203.9,2
user_0331,60,3,25.5,3,0,0,0.672,71.4,16
user_0332,63,2,0.0,17,0,3,0.032,80.6,38
user_0333,85,1,0.0,17,4,1,0.535,29.5,1
user_0334,32,4,0.0,12,5,3,0.038,9.8,11
user_0335,87,1,0.0,16,2,1,0.808,102.2,35
user_0336,33,1,0.0,15,4,0,0.321,12.4,29
user_0337,67,1,120.0,13,0,1,0.562,71.6,37
user_0338,18,1,0.0,23,3,3,0.279,338.6,17
user_0339,25,5,25.5,1,1,3,0.783,366.5,39
user_0340,54,3,0.0,17,5,0,0.887,32.8,28
user_0341,58,1,0.0,3,6,3,0.399,117.4,29
user_0342,67,2,0.0,15,5,1,0.863,77.1,3
user_0343,46,8,0.0,4,3,0,0.267,250.2,10
user_0344,24,4,0.0,4,3,1,0.535,38.0,14
user_0345,32,2,0.0,18,6,3,0.859,0.4,12
user_0346,47,4,25.5,17,7,0,0.326,21.3,30
user_0347,86,8,0.0,19,0,1,0.954,51.6,32
user_0348,23,3,0.0,11,4,3,0.122,45.5,32
user_0349,66,1,0.0,20,7,3,0.018,188.1,32
user_0350,27,1,0.0,3,2,2,0.904,136.9,26
user_0351,2,3,0.0,8,5,3,0.069,42.7,1
user_0352,17,1,0.0,14,6,1,0.992,73.4,2
user_0353,33,3,0.0,1,5,0,0.951,12.1,17
user_0354,9,1,0.0,14,7,2,0.137,274.1,30
user_0355,43,1,0.0,2,3,3,0.538,328.8,39
user_0356,48,1,25.5,23,4,3,0.185,468.3,7
user_0357,39,1,0.0,4,5,3,0.428,243.5,27
user_0358,42,5,0.0,24,2,1,0.061,22.9,9
user_0359,26,3,0.0,19,3,2,0.224,5.7,22
user_0360,50,3,0.0,6,2,1,0.363,104.0,34
user_0361,25,2,59.9,1,4,2,0.439,292.5,1
user_0362,24,1,0.0,17,5,0,0.977,23.4,9
user_0363,13,2,0.0,8,1,1,0.808,0.8,20
user_0364,60,2,0.0,19,7,1,0.737,196.5,19
user_0365,7,2,0.0,21,5,0,0.537,9.6,36
user_0366,57,1,0.0,1,7,2,0.84,64.1,4
user_0367,36,2,0.0,5,4,3,0.339,136.3,9
user_0368,45,1,59.9,16,5,0,0.709,32.4,22
user_0369,20,12,0.0,6,7,3,0.994,10.5,18
user_0370,65,4,0.0,8,6,3,0.315,176.4,12
user_0371,8,1,0.0,13,7,0,0.674,119.4,39
user_0372,16,2,0.0,16,5,2,0.844,535.7,9
user_0373,14,3,0.0,3,0,3,0.916,50.6,6
user_0374,76,1,0.0,19,5,0,0.718,7.7,19
user_0375,87,4,25.5,12,5,1,0.284,159.1,7
user_0376,15,4,0.0,16,7,1,0.326,88.5,16
user_0377,66,1,25.5,11,2,1,0.021,28.8,5
user_0378,32,1,120.0,10,1,0,0.761,182.6,16
user_0379,87,1,59.9,20,2,1,0.043,27.3,1
user_0380,63,1,0.0,4,7,3,0.865,36.2,37
user_0381,86,1,0.0,12,2,1,0.119,11.7,39
user_0382,51,4,0.0,23,3,1,0.172,61.2,19
user_0383,25,1,350.0,2,0,3,0.477,65.1,37
user_0384,58,1,0.0,24,2,1,0.738,86.7,17
user_0385,63,5,0.0,22,6,3,0.139,148.1,26
user_0386,62,3,0.0,19,4,1,0.44,283.9,22
user_0387,22,1,0.0,5,6,3,0.483,17.8,8
user_0388,58,1,890.0,8,4,1,0.212,6.7,33
user_0389,58,1,350.0,7,5,3,0.116,2.2,2
user_0390,86,2,0.0,14,3,0,0.836,18.6,30
user_0391,49,1,0.0,24,0,3,0.502,128.7,20
user_0392,52,2,0.0,23,6,1,0.014,156.0,18
user_0393,42,5,0.0,3,0,1,0.803,185.3,10
user_0394,70,1,0.0,18,6,2,0.981,33.5,24
user_0395,15,4,25.5,16,5,3,0.606,43.8,4
user_0396,54,12,0.0,23,4,0,0.504,79.2,37
user_0397,60,1,0.0,19,1,3,0.878,7.8,4
user_0398,8,4,350.0,19,3,3,0.953,113.3,13
user_0399,53,2,0.0,18,6,0,0.755,494.2,25
user_0400,60,4,0.0,20,6,3,0.445,53.7,13
user_0401,5,2,59.9,16,5,0,0.592,167.7,18
user_0402,68,2,0.0,8,3,0,0.701,83.2,24
user_0403,6,2,25.5,1,4,3,0.194,16.4,2
user_0404,47,4,350.0,17,4,3,0.447,104.7,33
user_0405,55,3,59.9,12,6,1,0.83,42.8,19
user_0406,40,2,0.0,21,1,1,0.655,4.2,9
user_0407,52,4,0.0,11,1,2,0.411,120.9,28
user_0408,16,1,0.0,5,0,2,0.663,235.0,35
user_0409,13,1,25.5,12,3,3,0.118,50.7,39
user_0410,30,1,59.9,17,3,0,0.401,59.4,10
user_0411,19,1,0.0,6,4,2,0.793,266.0,1
user_0412,17,1,0.0,1,0,3,0.221,201.6,21
user_0413,63,5,0.0,5,5,2,0.186,150.6,9
user_0414,19,1,0.0,14,3,0,0.951,34.3,15
user_0415,58,2,0.0,5,0,3,0.21,289.2,35
user_0416,55,1,0.0,22,0,0,0.261,20.1,5
user_0417,62,4,59.9,24,6,3,0.97,118.3,22
user_0418,23,5,0.0,1,4,2,0.735,3.5,23
user_0419,9,1,0.0,18,0,1,0.7,123.8,7
user_0420,12,4,0.0,16,7,2,0.853,38.9,23
user_0421,1,1,0.0,9,1,2,0.116,71.7,25
user_0422,58,3,0.0,19,7,1,0.706,50.8,27
user_0423,1,1,0.0,22,1,1,0.504,22.8,6
user_0424,34,4,25.5,5,2,3,0.829,116.7,34
user_0425,48,1,25.5,2,4,3,0.508,256.4,9
user_0426,89,2,0.0,15,6,0,0.62,383.5,33
user_0427,1,3,0.0,7,5,0,0.478,25.6,6
user_0428,16,1,0.0,4,7,2,0.478,151.6,37
user_0429,61,1,0.0,1,7,1,0.768,131.0,31
user_0430,64,1,0.0,13,2,0,0.629,50.5,34
user_0431,63,1,0.0,20,1,2,0.633,2.3,29
user_0432,69,2,0.0,22,6,1,0.45,140.5,14
user_0433,22,1,0.0,7,2,3,0.531,349.1,36
user_0434,67,1,0.0,15,4,2,0.746,120.0,36
user_0435,76,1,890.0,23,6,3,0.826,68.6,15
user_0436,26,3,0.0,14,4,0,0.697,89.4,8
user_0437,16,1,0.0,23,0,0,0.924,26.7,26
user_0438,51,1,0.0,19,3,1,0.82,166.6,36
user_0439,86,1,59.9,22,0,2,0.562,164.6,21
user_0440,57,1,0.0,24,4,3,0.671,18.9,28
user_0441,29,3,0.0,20,7,1,0.926,252.4,4
user_0442,78,1,0.0,24,6,0,0.619,37.6,16
user_0443,69,1,25.5,18,1,0,0.825,483.8,22
user_0444,47,3,0.0,10,5,2,0.689,57.9,12
user_0445,62,3,25.5,9,1,3,0.552,23.5,16
user_0446,69,1,59.9,8,6,2,0.242,52.0,38
user_0447,76,3,0.0,10,0,3,0.426,69.6,37
user_0448,16,5,25.5,17,5,3,0.968,8.6,29
user_0449,48,1,0.0,2,6,2,0.658,103.6,18
user_0450,85,3,59.9,6,4,1,0.564,109.2,10
user_0451,39,3,0.0,5,7,2,0.933,161.2,39
user_0452,33,1,59.9,9,1,2,0.587,3.6,18
user_0453,23,1,0.0,5,4,0,0.526,93.5,1
user_0454,10,1,0.0,18,5,0,0.759,6.5,39
user_0455,69,4,0.0,20,5,2,0.713,144.9,21
user_0456,34,12,0.0,9,1,2,0.193,6.9,1
user_0457,52,2,0.0,17,4,0,0.471,291.3,15
user_0458,10,1,0.0,17,2,3,0.473,145.3,4
user_0459,19,2,0.0,12,4,2,0.378,85.0,20
user_0460,58,2,0.0,7,5,1,0.517,69.9,10
user_0461,1,1,25.5,3,4,1,0.413,16.8,23
user_0462,69,1,0.0,10,7,1,0.199,41.3,34
user_0463,4,3,0.0,2,6,2,0.412,243.9,33
user_0464,16,1,0.0,3,0,3,0.072,281.8,34
user_0465,24,3,0.0,16,7,3,0.576,0.1,39
user_0466,80,1,120.0,2,2,0,0.854,108.2,10
user_0467,2,1,0.0,24,3,2,0.725,152.5,20
user_0468,32,1,0.0,10,6,3,0.36,115.7,1
user_0469,84,1,350.0,6,0,2,0.087,10.2,13
user_0470,24,5,25.5,22,3,0,0.202,29.5,1
user_0471,12,1,0.0,11,1,0,0.545,34.6,5
user_0472,50,4,25.5,23,3,0,0.207,213.9,16
user_0473,35,2,350.0,7,6,1,0.544,74.7,15
user_0474,33,3,0.0,15,4,2,0.232,80.1,28
user_0475,33,1,0.0,6,6,0,0.849,327.8,31
user_0476,61,3,0.0,20,7,2,0.397,121.6,23
user_0477,51,3,0.0,9,3,1,0.246,274.7,17
user_0478,43,1,0.0,22,5,1,0.812,73.2,34
user_0479,12,1,0.0,20,0,0,0.343,19.4,13
user_0480,67,4,0.0,12,0,0,0.111,319.0,14
user_0481,65,5,0.0,19,3,3,0.57,73.7,11
user_0482,33,1,0.0,20,0,2,0.582,24.1,28
user_0483,40,3,0.0,3,5,0,0.715,43.2,32
user_0484,74,4,0.0,15,6,3,0.24,6.3,35
user_0485,43,4,0.0,2,0,2,0.444,75.8,31
user_0486,44,5,0.0,21,3,0,0.282,230.2,17
user_0487,29,3,25.5,2,2,3,0.081,325.4,9
user_0488,13,1,0.0,22,2,3,0.877,323.7,10
user_0489,12,1,0.0,3,1,2,0.729,16.1,8
user_0490,46,1,0.0,6,7,3,0.301,57.8,21
user_0491,2,3,0.0,15,0,2,0.599,3.4,13
user_0492,35,3,0.0,10,7,2,0.201,231.9,5
user_0493,87,1,59.9,9,6,2,0.89,53.3,6
user_0494,81,4,59.9,1,3,1,0.115,119.7,30
user_0495,8,3,0.0,16,0,3,0.004,150.6,31
user_0496,26,2,0.0,6,4,2,0.502,67.4,17
user_0497,74,1,350.0,9,5,0,0.583,43.9,11
user_0498,34,2,0.0,4,0,1,0.579,393.1,20
user_0499,7,1,0.0,2,0,1,0.055,400.5,9
user_0500,68,1,25.5,4,7,3,0.314,41.0,2
user_0501,58,1,0.0,1,7,2,0.499,78.4,37
user_0502,75,1,0.0,19,2,3,0.217,432.7,1
user_0503,29,1,0.0,10,5,1,0.873,0.6,4
user_0504,36,2,25.5,21,3,2,0.087,63.9,36
user_0505,89,1,0.0,15,0,0,0.487,12.7,25
user_0506,21,3,0.0,22,2,2,0.691,85.4,3
user_0507,36,1,0.0,19,7,1,0.262,3.0,9
user_0508,10,4,0.0,16,1,0,0.624,62.7,22
user_0509,73,5,0.0,21,5,2,0.829,29.9,23
user_0510,24,1,0.0,24,2,0,0.19,91.5,12
user_0511,64,1,0.0,22,2,0,0.917,662.4,10
user_0512,49,1,0.0,4,6,1,0.554,193.5,34
user_0513,36,2,59.9,2,2,0,0.299,224.2,10
user_0514,82,2,0.0,13,6,3,0.431,121.0,30
user_0515,24,1,120.0,1,0,1,0.312,5.1,22
user_0516,23,2,0.0,17,0,3,0.725,27.8,6
user_0517,62,1,0.0,13,7,0,0.796,310.9,2
user_0518,37,1,0.0,4,1,3,0.833,54.7,30
user_0519,12,2,59.9,7,4,2,0.986,13.1,2
user_0520,55,1,0.0,17,4,0,0.791,145.4,32
user_0521,13,2,0.0,9,4,2,0.601,42.7,16
user_0522,23,1,0.0,4,7,3,0.339,37.6,12
user_0523,89,8,0.0,19,6,2,0.545,744.4,1
user_0524,30,1,0.0,1,7,0,0.041,234.3,8
user_0525,17,1,120.0,10,5,2,0.745,62.9,13
user_0526,62,2,0.0,4,5,3,0.446,471.0,15
user_0527,84,1,25.5,9,1,3,0.02,126.0,8
user_0528,89,8,0.0,13,5,3,0.063,162.6,10
user_0529,86,3,0.0,14,4,0,0.387,3.8,5
user_0530,13,2,0.0,10,4,3,0.583,15.6,19
user_0531,59,3,0.0,6,7,0,0.464,120.3,38
user_0532,19,5,25.5,16,2,2,0.619,275.1,11
user_0533,49,4,350.0,6,5,3,0.48,117.3,20
user_0534,12,3,0.0,17,7,2,0.662,17.3,20
user_0535,61,3,0.0,10,0,1,0.219,14.8,21
user_0536,19,1,0.0,18,0,2,0.113,223.1,18
user_0537,76,1,350.0,22,2,1,0.596,18.0,10
user_0538,9,2,0.0,18,2,2,0.485,88.1,34
user_0539,71,1,0.0,3,2,0,0.027,4.5,26
user_0540,28,1,59.9,20,7,2,0.38,10.1,30
user_0541,78,1,0.0,21,0,0,0.106,133.9,9
user_0542,52,1,0.0,15,4,0,0.531,140.2,31
user_0543,83,3,0.0,15,2,3,0.396,50.1,4
user_0544,16,5,59.9,4,1,0,0.613,29.1,6
user_0545,69,1,0.0,9,6,1,0.806,201.7,14
user_0546,12,2,0.0,19,7,3,0.3,29.4,4
user_0547,25,4,0.0,24,2,3,0.962,93.7,26
user_0548,52,1,0.0,17,6,2,0.536,413.8,39
user_0549,85,3,0.0,11,3,0,0.618,19.2,17
user_0550,53,1,0.0,9,2,0,0.681,339.4,19
user_0551,23,1,0.0,10,0,1,0.667,24.2,6
user_0552,16,8,0.0,18,5,2,0.511,100.6,29
user_0553,57,1,0.0,20,2,2,0.429,56.8,11
user_0554,39,2,0.0,13,7,3,0.054,402.0,16
user_0555,53,3,59.9,8,5,3,0.022,38.3,30
user_0556,42,1,0.0,7,3,3,0.358,61.2,25
user_0557,58,2,25.5,17,1,1,0.334,488.0,11
user_0558,39,5,25.5,21,5,1,0.388,92.3,7
user_0559,14,1,0.0,23,6,3,0.138,83.8,26
user_0560,5,4,0.0,15,4,2,0.738,35.8,22
user_0561,35,2,0.0,20,2,1,0.857,145.0,25
user_0562,87,2,0.0,15,3,2,0.939,1.7,19
user_0563,75,2,0.0,1,3,2,0.492,6.1,31
user_0564,18,1,0.0,14,5,0,0.701,109.8,26
user_0565,76,5,0.0,5,1,3,0.856,50.2,36
user_0566,9,5,25.5,11,0,0,0.418,367.7,23
user_0567,74,2,0.0,16,2,3,0.309,280.2,13
user_0568,58,3,25.5,2,3,3,0.937,150.1,25
user_0569,17,2,0.0,8,1,2,0.516,204.5,2
user_0570,7,1,59.9,11,4,3,0.497,132.1,2
user_0571,46,2,0.0,18,3,2,0.178,16.1,16
user_0572,13,2,0.0,3,1,2,0.108,174.1,9
user_0573,40,2,0.0,1,7,3,0.842,28.3,28
user_0574,42,3,0.0,11,0,2,0.614,46.9,13
user_0575,9,1,0.0,16,0,2,0.326,205.3,35
user_0576,50,1,59.9,18,3,2,0.192,92.3,13
user_0577,27,1,0.0,16,6,1,0.555,235.9,31
user_0578,66,1,0.0,23,3,2,0.584,28.7,21
user_0579,5,3,0.0,10,5,1,0.207,112.3,32
user_0580,29,2,59.9,18,2,1,0.851,10.5,34
user_0581,37,2,0.0,6,1,2,0.084,123.6,8
user_0582,38,1,0.0,19,3,2,0.356,172.5,2
user_0583,83,2,0.0,4,2,1,0.68,105.5,38
user_0584,8,1,0.0,13,5,1,0.274,37.1,32
user_0585,65,1,0.0,24,7,2,0.828,3.8,28
user_0586,86,3,120.0,14,7,2,0.74,15.3,37
user_0587,17,4,0.0,3,2,3,0.789,116.8,1
user_0588,71,1,59.9,10,3,1,0.119,326.9,10
user_0589,89,1,0.0,6,0,1,0.141,27.8,4
user_0590,45,1,0.0,1,1,3,0.286,159.4,35
user_0591,4,1,25.5,23,1,1,0.518,241.6,10
user_0592,36,2,0.0,24,7,0,0.748,88.3,11
user_0593,70,1,59.9,14,7,1,0.837,132.8,14
user_0594,31,2,0.0,8,0,3,0.704,202.5,38
user_0595,19,1,0.0,19,6,0,0.929,36.2,12
user_0596,61,1,25.5,14,3,2,0.739,42.3,17
user_0597,54,1,0.0,10,7,3,0.306,0.1,16
user_0598,39,1,0.0,17,7,3,0.265,395.9,35
user_0599,74,1,0.0,9,7,2,0.696,299.5,2
user_0600,19,1,0.0,6,1,3,0.193,173.6,11
user_0601,39,3,59.9,11,3,1,0.093,9.9,3
user_0602,67,1,0.0,7,5,2,0.532,71.2,29
user_0603,45,5,0.0,17,3,3,0.822,12.9,18
user_0604,13,1,0.0,1,2,2,0.101,1.9,20
user_0605,58,3,0.0,22,0,2,0.792,114.9,14
user_0606,20,2,0.0,5,6,2,0.812,388.8,34
user_0607,72,3,0.0,9,7,0,0.482,279.8,31
user_0608,61,3,59.9,18,7,3,0.057,143.2,18
user_0609,39,2,0.0,24,3,0,0.175,12.2,30
user_0610,1,2,0.0,21,6,3,0.707,38.5,25
user_0611,3,2,0.0,2,7,1,0.712,46.3,19
user_0612,77,2,0.0,11,6,1,0.898,172.8,8
user_0613,62,1,0.0,6,5,1,0.583,194.5,28
user_0614,63,1,0.0,8,4,3,0.124,58.4,8
user_0615,25,2,0.0,4,0,2,0.121,64.9,31
user_0616,56,2,0.0,18,6,2,0.721,5.5,3
user_0617,33,3,0.0,11,1,0,0.184,41.0,3
user_0618,38,2,25.5,5,2,0,0.328,72.0,22
user_0619,6,12,890.0,15,1,1,0.487,14.9,17
user_0620,58,1,25.5,18,7,0,0.025,72.5,36
user_0621,44,1,0.0,2,5,3,0.249,230.2,17
user_0622,45,1,0.0,22,5,3,0.408,104.5,14
user_0623,32,1,0.0,11,1,0,0.28,9.9,9
user_0624,45,3,0.0,13,0,0,0.136,25.5,30
user_0625,61,1,0.0,4,1,0,0.728,77.2,21
user_0626,47,3,59.9,22,3,0,0.813,53.8,12
user_0627,21,1,25.5,7,7,1,0.257,53.3,37
user_0628,80,2,0.0,11,7,1,0.774,90.4,32
user_0629,85,2,0.0,22,1,0,0.386,105.4,11
user_0630,75,1,25.5,24,2,3,0.507,191.3,20
user_0631,36,2,0.0,4,2,1,0.856,50.0,35
user_0632,19,1,0.0,15,7,3,0.75,196.5,11
user_0633,20,1,59.9,1,4,2,0.805,49.6,8
user_0634,57,1,0.0,23,2,3,0.137,6.8,4
user_0635,18,1,0.0,3,1,0,0.07,96.9,27
user_0636,47,1,0.0,14,2,2,0.893,106.4,38
user_0637,49,2,59.9,6,7,1,0.388,327.2,30
user_0638,14,2,0.0,18,0,1,0.288,155.4,27
user_0639,15,2,0.0,1,6,2,0.725,299.8,21
user_0640,31,1,0.0,6,2,3,0.836,286.8,20
user_0641,1,2,0.0,6,3,1,0.862,111.3,4
user_0642,54,1,0.0,21,0,0,0.316,90.0,11
user_0643,3,1,25.5,16,4,2,0.852,97.8,13
user_0644,16,4,0.0,5,3,0,0.041,459.8,9
user_0645,87,1,59.9,17,1,2,0.05,178.0,4
user_0646,57,2,0.0,10,6,1,0.624,13.5,12
user_0647,75,2,0.0,21,1,3,0.063,180.8,9
user_0648,12,1,0.0,18,6,2,0.325,22.4,13
user_0649,74,1,0.0,7,6,2,0.673,71.2,26
user_0650,16,1,0.0,3,1,0,0.337,28.4,38
user_0651,72,4,0.0,13,3,1,0.18,140.4,13
user_0652,76,1,0.0,15,3,0,0.281,251.8,39
user_0653,24,1,0.0,20,6,1,0.458,41.2,28
user_0654,28,1,0.0,19,3,0,0.475,10.3,19
user_0655,8,2,25.5,3,6,2,0.783,42.5,24
user_0656,36,1,120.0,4,7,0,0.75,133.9,19
user_0657,8,1,0.0,5,6,3,0.457,47.8,13
user_0658,58,2,0.0,1,7,1,0.846,39.1,13
user_0659,60,5,0.0,4,0,1,0.114,24.5,28
user_0660,50,1,0.0,12,5,2,0.255,82.6,2
user_0661,28,1,0.0,24,0,1,0.828,38.7,10
user_0662,41,1,25.5,10,1,3,0.378,157.6,22
user_0663,64,2,0.0,23,5,0,0.981,9.6,13
user_0664,27,1,0.0,21,2,2,0.466,130.9,9
user_0665,63,2,25.5,20,1,3,0.792,32.5,33
user_0666,17,3,0.0,24,4,1,0.402,80.6,14
user_0667,73,3,25.5,13,0,1,0.425,40.4,20
user_0668,33,1,0.0,23,3,3,0.383,153.9,15
user_0669,84,4,0.0,14,0,0,0.719,348.7,32
user_0670,77,2,0.0,23,3,0,0.548,298.8,33
user_0671,29,2,0.0,5,5,2,0.944,105.1,17
user_0672,13,1,350.0,4,4,1,0.251,74.5,24
user_0673,46,8,0.0,14,5,3,0.101,204.6,30
user_0674,35,1,350.0,10,4,0,0.393,138.0,13
user_0675,6,1,0.0,17,0,2,0.617,24.3,16
user_0676,82,1,0.0,10,3,1,0.861,206.4,2
user_0677,69,2,0.0,7,5,1,0.346,67.2,17
user_0678,47,1,0.0,16,4,2,0.654,25.1,32
user_0679,25,1,59.9,1,6,2,0.35,39.7,8
user_0680,66,1,0.0,17,1,0,0.617,37.4,3
user_0681,10,1,0.0,21,1,3,0.885,87.9,12
user_0682,56,2,0.0,9,5,1,0.231,32.0,20
user_0683,30,2,0.0,6,3,3,0.404,15.8,16
user_0684,5,1,0.0,19,6,1,0.993,15.8,14
user_0685,33,1,0.0,13,5,1,0.869,105.0,16
user_0686,65,2,25.5,3,0,3,0.565,159.3,33
user_0687,18,1,0.0,7,4,2,0.517,46.6,30
user_0688,49,1,0.0,22,7,0,0.285,4.2,12
user_0689,11,8,0.0,9,0,1,0.517,16.3,15
user_0690,85,2,0.0,22,1,2,0.848,295.4,18
user_0691,26,1,890.0,5,4,1,0.685,81.6,28
user_0692,63,2,0.0,10,5,0,0.29,72.5,23
user_0693,89,1,0.0,23,0,1,0.201,4.7,14
user_0694,86,2,0.0,17,2,0,0.265,156.5,30
user_0695,59,1,0.0,12,7,0,0.17,90.1,33
user_0696,27,1,0.0,23,3,1,0.096,27.1,15
user_0697,49,1,350.0,16,6,1,0.419,14.0,7
user_0698,77,5,25.5,3,6,0,0.113,58.0,15
user_0699,33,3,350.0,22,3,2,0.172,217.8,38
user_0700,1,1,0.0,9,2,3,0.547,240.6,11
user_0701,21,1,0.0,15,1,0,0.165,110.8,29
user_0702,55,3,0.0,5,4,1,0.064,156.0,31
user_0703,6,1,0.0,23,3,1,0.317,14.7,25
user_0704,81,1,25.5,13,2,2,0.22,106.4,24
user_0705,69,5,0.0,14,5,3,0.515,131.9,19
user_0706,5,1,25.5,20,7,0,0.102,26.9,2
user_0707,3,2,0.0,15,6,0,0.752,254.6,22
user_0708,53,8,0.0,16,7,3,0.906,26.0,20
user_0709,23,1,0.0,23,2,0,0.743,45.1,33
user_0710,53,1,0.0,13,7,3,0.533,116.3,8
user_0711,37,1,0.0,17,1,1,0.861,122.0,25
user_0712,74,3,25.5,23,1,3,0.695,144.2,9
user_0713,74,4,0.0,8,0,0,0.011,14.3,34
user_0714,83,3,0.0,21,3,3,0.394,227.2,23
user_0715,17,1,0.0,2,0,2,0.851,91.3,5
user_0716,85,3,890.0,5,7,1,0.346,76.5,25
user_0717,78,4,0.0,6,6,1,0.035,476.2,8
user_0718,73,2,25.5,12,2,3,0.746,161.8,16
user_0719,1,5,0.0,18,4,0,0.802,15.1,15
user_0720,51,3,25.5,22,7,2,0.161,169.5,1
user_0721,45,2,0.0,22,4,1,0.537,12.0,22
user_0722,77,2,0.0,1,1,1,0.192,3.3,3
user_0723,4,1,0.0,17,4,0,0.719,62.0,38
user_0724,62,1,25.5,11,4,0,0.272,605.8,14
user_0725,65,2,0.0,10,6,2,0.316,23.1,36
user_0726,32,1,0.0,19,4,3,0.845,134.0,18
user_0727,34,4,0.0,14,7,0,0.476,22.9,18
user_0728,72,12,59.9,10,2,3,0.67,154.8,3
user_0729,39,3,0.0,15,4,2,0.402,84.5,10
user_0730,26,1,59.9,19,5,3,0.298,136.7,39
user_0731,34,1,0.0,4,4,1,0.625,27.2,1
user_0732,54,1,0.0,2,4,3,0.155,164.3,27
user_0733,3,2,0.0,9,0,2,0.373,651.7,27
user_0734,50,3,0.0,10,2,2,0.209,131.5,11
user_0735,12,4,0.0,11,7,2,0.696,81.6,5
user_0736,65,1,0.0,14,1,3,0.944,307.9,7
user_0737,54,4,0.0,7,0,1,0.996,1.9,19
user_0738,5,4,0.0,23,7,0,0.45,157.1,29
user_0739,57,1,0.0,15,3,1,0.253,263.5,15
user_0740,17,4,0.0,22,2,3,0.443,7.6,35
user_0741,47,1,0.0,19,5,3,0.847,71.8,37
user_0742,23,1,0.0,22,2,0,0.206,27.5,12
user_0743,79,2,120.0,15,3,3,0.952,100.3,30
user_0744,85,1,120.0,24,3,2,0.342,125.8,20
user_0745,14,2,0.0,8,3,2,0.986,43.3,37
user_0746,66,2,0.0,11,6,2,0.839,73.9,3
user_0747,75,2,25.5,9,1,2,0.809,39.3,9
user_0748,51,1,0.0,15,4,2,0.318,55.3,39
user_0749,38,2,0.0,1,2,3,0.009,20.9,26
user_0750,64,2,0.0,1,7,0,0.382,260.1,2
user_0751,38,2,0.0,19,6,0,0.302,1.2,23
user_0752,50,1,0.0,3,7,2,0.037,256.9,23
user_0753,82,1,0.0,10,4,3,0.505,101.7,21
user_0754,30,2,0.0,8,4,1,0.403,48.4,16
user_0755,79,1,59.9,15,5,1,0.635,154.1,9
user_0756,51,2,0.0,10,3,3,0.621,85.1,13
user_0757,63,3,0.0,1,1,2,0.121,83.0,28
user_0758,52,2,59.9,18,5,0,0.977,14.0,27
user_0759,38,2,0.0,2,0,3,0.187,59.2,17
user_0760,88,5,0.0,19,6,1,0.445,33.1,38
user_0761,79,3,0.0,13,6,1,0.488,1.9,36
user_0762,30,4,0.0,22,1,1,0.813,53.6,1
user_0763,51,3,25.5,1,4,2,0.099,11.3,18
user_0764,81,1,0.0,2,7,1,0.429,35.6,9
user_0765,5,1,890.0,16,6,3,0.629,11.6,13
user_0766,29,2,0.0,15,1,3,0.215,12.8,15
user_0767,4,1,0.0,13,6,1,0.627,26.6,4
user_0768,10,1,0.0,16,6,3,0.924,1056.0,33
user_0769,56,1,0.0,17,3,1,0.998,0.3,24
user_0770,17,2,0.0,21,0,1,0.032,122.2,36
user_0771,74,3,0.0,7,3,0,0.236,18.3,10
user_0772,17,3,0.0,24,0,2,0.31,304.0,36
user_0773,84,2,0.0,17,6,2,0.399,11.8,20
user_0774,88,3,350.0,7,5,0,0.242,372.3,11
user_0775,69,1,0.0,13,7,0,0.203,113.3,12
user_0776,34,4,0.0,5,4,2,0.955,0.2,18
user_0777,6,1,25.5,17,6,1,0.919,269.3,30
user_0778,53,5,59.9,3,0,1,0.047,88.5,37
user_0779,66,2,0.0,7,0,2,0.339,36.6,20
user_0780,77,1,59.9,17,0,1,0.405,174.9,25
user_0781,43,1,0.0,7,6,0,0.239,313.5,12
user_0782,75,1,0.0,21,1,1,0.629,79.3,21
user_0783,23,1,0.0,1,5,1,0.64,45.5,25
user_0784,55,1,25.5,17,1,3,0.851,186.7,11
user_0785,80,2,0.0,17,4,3,0.741,137.4,9
user_0786,75,2,0.0,11,6,3,0.543,263.5,25
user_0787,16,2,0.0,3,0,1,0.654,141.5,35
user_0788,8,4,25.5,15,5,2,0.274,33.5,32
user_0789,4,2,890.0,21,5,0,0.593,322.0,14
user_0790,4,2,0.0,11,2,1,0.489,13.3,1
user_0791,56,1,890.0,16,4,2,0.133,37.4,17
user_0792,25,3,0.0,22,7,1,0.243,88.1,25
user_0793,67,1,0.0,9,7,0,0.292,100.1,8
user_0794,67,8,0.0,24,5,1,0.924,1.9,5
user_0795,27,3,0.0,24,6,0,0.23,182.0,5
user_0796,32,2,0.0,1,0,1,0.289,53.9,35
user_0797,50,1,0.0,22,0,0,0.369,62.6,19
user_0798,61,4,0.0,16,5,1,0.664,198.9,23
user_0799,51,3,120.0,9,1,0,0.118,57.2,9
user_0800,19,1,25.5,19,4,3,0.954,5.8,30
user_0801,21,1,25.5,12,0,1,0.866,23.3,16
user_0802,5,3,59.9,19,5,1,0.577,374.6,33
user_0803,82,1,0.0,22,0,2,0.674,8.8,2
user_0804,42,4,0.0,9,7,2,0.017,52.6,14
user_0805,61,1,0.0,7,5,0,0.339,83.9,1
user_0806,22,1,0.0,14,4,1,0.796,81.6,26
user_0807,21,3,0.0,19,5,0,0.077,0.5,25
user_0808,70,1,0.0,19,2,3,0.282,83.5,16
user_0809,1,2,0.0,2,5,2,0.585,58.1,15
user_0810,5,1,0.0,9,5,0,0.256,429.4,26
user_0811,12,1,0.0,13,6,0,0.934,20.8,16
user_0812,46,2,0.0,15,7,2,0.131,52.5,14
user_0813,34,2,0.0,3,4,1,0.797,65.3,29
user_0814,49,2,0.0,11,6,0,0.508,59.5,24
user_0815,78,3,0.0,21,5,2,0.75,131.5,15
user_0816,45,2,0.0,14,4,1,0.311,29.1,19
user_0817,27,1,59.9,8,2,3,0.514,30.0,8
user_0818,73,1,0.0,18,4,2,0.857,156.8,34
user_0819,26,4,0.0,19,0,0,0.467,83.2,2
user_0820,47,3,25.5,16,6,3,0.36,64.4,27
user_0821,86,2,0.0,2,4,1,0.536,22.2,10
user_0822,56,1,0.0,8,7,1,0.717,24.9,35
user_0823,63,1,0.0,22,2,2,0.444,1.3,23
user_0824,48,3,0.0,6,3,2,0.939,11.5,8
user_0825,61,4,0.0,12,5,2,0.295,97.7,28
user_0826,81,2,0.0,15,4,1,0.475,266.9,23
user_0827,26,3,59.9,8,5,3,0.757,40.6,4
user_0828,36,3,0.0,4,1,1,0.689,47.7,14
user_0829,1,1,0.0,15,0,0,0.864,14.7,29
user_0830,8,1,0.0,20,6,1,0.997,59.0,1
user_0831,52,1,0.0,17,0,0,0.427,4.6,4
user_0832,79,1,0.0,13,1,3,0.111,299.5,32
user_0833,47,4,0.0,18,1,2,0.03,134.2,33
user_0834,56,1,25.5,2,6,2,0.727,562.0,26
user_0835,86,2,0.0,13,4,1,0.874,257.3,17
user_0836,14,1,0.0,13,1,2,0.221,76.9,39
user_0837,28,1,0.0,22,3,3,0.158,88.0,23
user_0838,87,1,0.0,15,5,2,0.062,25.4,32
user_0839,78,1,0.0,20,5,1,0.823,74.4,15
user_0840,88,2,25.5,10,2,3,0.311,280.0,13
user_0841,2,1,0.0,3,7,0,0.402,6.3,2
user_0842,26,2,0.0,19,1,1,0.503,239.0,19
user_0843,14,1,59.9,3,1,0,0.839,50.0,24
user_0844,59,1,0.0,22,3,3,0.651,275.7,24
user_0845,56,1,25.5,14,0,1,0.615,339.4,11
user_0846,7,2,0.0,8,0,1,0.176,133.4,22
user_0847,3,2,0.0,23,5,3,0.513,131.0,15
user_0848,23,1,0.0,4,5,2,0.715,72.3,10
user_0849,18,1,0.0,20,4,1,0.973,216.6,27
user_0850,38,3,0.0,11,6,1,0.201,391.2,9
user_0851,15,1,0.0,11,7,0,0.01,179.0,28
user_0852,64,1,0.0,11,3,2,0.075,116.7,1
user_0853,89,3,0.0,2,6,0,0.376,112.0,17
user_0854,28,2,0.0,17,6,0,0.821,227.2,31
user_0855,74,1,59.9,9,2,2,0.007,93.5,10
user_0856,39,4,0.0,2,6,2,0.457,195.5,37
user_0857,57,3,0.0,24,2,3,0.329,85.3,29
user_0858,17,1,0.0,15,6,2,0.052,7.7,18
user_0859,86,2,59.9,16,3,1,0.45,58.1,38
user_0860,44,2,25.5,4,2,2,0.255,70.5,39
user_0861,25,1,0.0,8,0,3,0.352,18.3,6
user_0862,17,1,0.0,9,2,3,0.706,13.0,12
user_0863,13,1,0.0,5,2,3,0.522,92.0,14
user_0864,84,2,0.0,16,3,2,0.125,10.7,10
user_0865,25,1,0.0,13,3,2,0.961,43.3,20
user_0866,68,3,25.5,7,2,0,0.636,163.8,15
user_0867,10,2,0.0,20,7,0,0.766,400.4,31
user_0868,67,1,0.0,17,1,1,0.079,151.8,7
user_0869,18,2,59.9,3,7,0,0.047,589.2,10
user_0870,86,1,0.0,5,3,1,0.019,143.8,10
user_0871,34,2,0.0,19,7,3,0.189,41.7,39
user_0872,8,2,0.0,12,7,0,0.414,133.8,28
user_0873,40,1,120.0,7,4,2,0.936,145.3,30
user_0874,83,1,0.0,9,4,0,0.457,55.8,37
user_0875,42,1,120.0,6,0,1,0.29,2.1,3
user_0876,41,1,25.5,17,6,0,0.562,145.8,15
user_0877,6,1,0.0,16,2,3,0.112,2.6,21
user_0878,52,1,0.0,23,1,2,0.61,119.7,37
user_0879,26,12,59.9,3,0,1,0.568,21.4,12
user_0880,64,1,0.0,21,2,2,0.792,100.1,4
user_0881,59,1,59.9,4,7,2,0.987,84.1,9
user_0882,56,2,120.0,10,3,1,0.251,1.6,39
user_0883,59,1,0.0,5,4,2,0.51,54.1,28
user_0884,70,5,0.0,21,5,2,0.909,110.3,23
user_0885,33,2,120.0,22,1,0,0.785,226.5,22
user_0886,53,3,0.0,10,7,2,0.487,263.4,24
user_0887,22,1,0.0,12,5,2,0.945,79.4,26
user_0888,21,1,0.0,10,4,2,0.057,156.4,30
user_0889,70,1,0.0,13,7,2,0.931,45.7,33
user_0890,70,3,120.0,11,6,1,0.051,50.3,16
user_0891,4,1,25.5,22,6,3,0.547,25.9,22
user_0892,75,1,0.0,16,5,0,0.89,99.1,18
user_0893,62,8,0.0,8,3,2,0.263,45.3,7
user_0894,62,1,0.0,8,7,2,0.472,10.6,26
user_0895,24,1,59.9,8,2,1,0.324,138.6,8
user_0896,55,1,0.0,13,7,3,0.952,147.6,6
user_0897,9,8,0.0,2,3,2,0.824,53.6,30
user_0898,3,1,0.0,12,7,1,0.709,9.6,39
user_0899,31,3,0.0,10,5,0,0.588,66.7,23
user_0900,40,3,120.0,12,3,0,0.821,70.1,32
user_0901,36,1,0.0,11,4,2,0.392,132.6,22
user_0902,24,2,0.0,15,1,2,0.448,45.5,9
user_0903,6,1,0.0,16,3,3,0.73,137.7,31
user_0904,66,1,890.0,17,7,3,0.358,246.2,7
user_0905,84,3,0.0,2,4,2,0.064,32.5,9
user_0906,75,4,0.0,18,1,1,0.074,463.1,13
user_0907,4,2,0.0,12,6,3,0.115,58.6,3
user_0908,79,2,59.9,19,2,2,0.87,37.3,35
user_0909,6,1,0.0,23,5,3,0.472,65.7,33
user_0910,51,1,0.0,18,7,2,0.713,11.9,21
user_0911,62,1,0.0,17,7,0,0.393,16.1,31
user_0912,57,1,25.5,6,6,2,0.259,64.2,34
user_0913,66,1,0.0,15,2,0,0.347,172.5,32
user_0914,79,1,59.9,3,6,3,0.794,276.7,35
user_0915,75,1,0.0,6,0,2,0.625,131.2,15
user_0916,8,1,0.0,3,6,3,0.938,13.3,32
user_0917,26,2,0.0,1,4,0,0.68,133.8,6
user_0918,51,3,0.0,13,1,2,0.57,121.1,21
user_0919,45,1,0.0,21,7,3,0.61,196.6,33
user_0920,44,5,59.9,14,6,0,0.942,209.3,32
user_0921,5,4,0.0,13,7,3,0.788,243.2,19
user_0922,70,1,0.0,4,3,1,0.024,64.2,33
user_0923,26,3,25.5,7,2,0,0.534,143.6,28
user_0924,68,2,25.5,22,6,0,0.688,37.5,31
user_0925,19,2,0.0,10,1,0,0.749,878.1,21
user_0926,84,1,0.0,7,4,2,0.213,23.1,34
user_0927,20,2,120.0,21,0,2,0.867,1.2,15
user_0928,12,1,0.0,15,7,2,0.956,19.3,14
user_0929,47,2,0.0,15,2,1,0.237,179.5,19
user_0930,1,2,350.0,4,5,1,0.883,71.0,15
user_0931,14,2,0.0,23,1,0,0.097,71.2,6
user_0932,64,2,0.0,23,5,1,0.056,372.2,9
user_0933,38,3,0.0,6,1,3,0.129,302.5,37
user_0934,37,1,0.0,24,1,0,0.058,44.7,20
user_0935,11,1,0.0,20,4,0,0.845,28.1,34
user_0936,77,3,0.0,5,4,3,0.059,226.4,38
user_0937,3,1,0.0,20,4,0,0.272,283.8,26
user_0938,33,1,25.5,12,6,1,0.104,93.6,18
user_0939,6,1,25.5,1,3,2,0.295,119.1,28
user_0940,50,1,0.0,8,1,3,0.091,35.6,9
user_0941,10,5,0.0,1,2,1,0.668,193.6,32
user_0942,5,2,0.0,5,5,3,0.133,120.0,6
user_0943,23,5,0.0,22,4,3,0.852,84.0,14
user_0944,10,2,59.9,6,6,0,0.817,7.4,28
user_0945,44,1,25.5,21,4,0,0.014,297.1,24
user_0946,2,1,0.0,3,5,1,0.896,114.7,13
user_0947,13,2,120.0,15,5,3,0.029,25.7,12
user_0948,40,1,0.0,5,7,0,0.24,111.9,19
user_0949,2,4,0.0,24,1,0,0.032,135.8,21
user_0950,84,3,0.0,14,4,3,0.336,89.5,27
user_0951,65,1,59.9,18,5,1,0.514,151.9,19
user_0952,63,5,0.0,16,3,1,0.797,104.5,24
user_0953,73,3,0.0,6,3,3,0.338,354.3,26
user_0954,17,2,59.9,24,4,1,0.705,6.6,28
user_0955,9,1,0.0,14,6,0,0.188,13.5,18
user_0956,75,1,0.0,24,5,3,0.751,22.9,36
user_0957,15,2,25.5,8,7,0,0.236,140.6,29
user_0958,24,1,0.0,7,1,2,0.144,124.5,17
user_0959,38,1,0.0,8,1,2,0.185,267.1,4
user_0960,35,3,0.0,13,6,1,0.182,158.4,29
user_0961,49,1,0.0,6,7,2,0.513,85.2,4
user_0962,69,2,59.9,18,1,0,0.845,576.9,10
user_0963,62,5,0.0,2,7,2,0.08,37.1,25
user_0964,60,4,0.0,8,0,0,0.707,214.9,31
user_0965,50,1,0.0,11,4,1,0.654,66.8,3
user_0966,78,4,0.0,1,1,1,0.873,125.5,2
user_0967,75,1,0.0,22,3,0,0.244,155.9,25
user_0968,9,1,0.0,6,5,2,0.45,120.5,6
user_0969,34,2,0.0,16,7,1,0.926,18.2,26
user_0970,76,1,0.0,20,7,3,0.66,70.2,8
user_0971,35,1,0.0,12,2,1,0.389,98.9,35
user_0972,1,2,0.0,11,6,2,0.131,226.9,27
user_0973,40,1,0.0,10,2,3,0.262,70.4,25
user_0974,64,1,0.0,3,1,2,0.581,301.2,18
user_0975,22,1,0.0,13,2,0,0.718,69.7,1
user_0976,60,3,0.0,3,2,3,0.124,95.5,39
user_0977,64,2,0.0,15,0,2,0.6,190.9,3
user_0978,72,1,59.9,16,7,3,0.55,105.0,4
user_0979,11,1,0.0,13,3,2,0.514,386.9,37
user_0980,14,1,0.0,17,6,3,0.69,129.6,15
user_0981,60,1,25.5,3,3,2,0.837,88.8,8
user_0982,30,3,0.0,20,0,0,0.323,2.9,38
user_0983,35,1,0.0,11,0,3,0.889,64.1,19
user_0984,85,1,0.0,21,2,3,0.161,42.7,26
user_0985,37,2,0.0,19,4,3,0.173,165.4,39
user_0986,5,2,59.9,22,7,3,0.267,28.0,10
user_0987,83,2,0.0,11,5,0,0.12,27.6,38
user_0988,78,1,120.0,16,7,3,0.23,25.2,14
user_0989,26,1,0.0,21,5,1,0.106,16.1,19
user_0990,62,1,0.0,3,2,0,0.822,44.7,30
user_0991,4,1,0.0,22,5,1,0.139,260.5,5
user_0992,89,2,0.0,6,0,3,0.747,179.0,31
user_0993,42,3,0.0,14,3,2,0.048,159.5,7
user_0994,89,3,890.0,24,5,1,0.949,191.5,19
user_0995,18,3,0.0,18,7,3,0.711,37.7,31
user_0996,40,1,0.0,17,6,1,0.007,262.1,39
user_0997,72,2,0.0,4,2,3,0.764,17.7,24
user_0998,39,1,0.0,23,4,3,0.514,49.2,34
user_0999,14,2,0.0,15,2,3,0.779,106.0,23
